# Konig 2014 commercial ITO film ~72 nm on BK7 (Delta Technology); λ[µm], n, k
# wavelength_um,n,k
0.25157000,2.31717213,5.77801610e-01
0.25475000,2.34626565,5.60078810e-01
0.25793000,2.37467908,5.36140730e-01
0.26112000,2.40048438,5.06187700e-01
0.26271000,2.41184546,4.89213770e-01
0.26589000,2.43058781,4.52121170e-01
0.26907000,2.44327819,4.12249020e-01
0.27067000,2.44723468,3.91831660e-01
0.27385000,2.45048120,3.51098960e-01
0.27544000,2.44991257,3.31155240e-01
0.27862000,2.44491010,2.92857500e-01
0.28022000,2.44072204,2.74721020e-01
0.28340000,2.42961505,2.40828820e-01
0.28499000,2.42294624,2.25148710e-01
0.28818000,2.40795253,1.96379170e-01
0.28977000,2.39983020,1.83272570e-01
0.29136000,2.39140949,1.70990930e-01
0.29454000,2.37396931,1.48782000e-01
0.29614000,2.36507480,1.38784870e-01
0.29932000,2.34718664,1.20816060e-01
0.30091000,2.33827137,1.12767490e-01
0.30409000,2.32064883,9.83539900e-02
0.30569000,2.31198686,9.19176700e-02
0.30887000,2.29504418,8.04191100e-02
0.31046000,2.28678728,7.52958200e-02
0.31365000,2.27074208,6.61616700e-02
0.31524000,2.26296411,6.21006000e-02
0.31683000,2.25535349,5.83462000e-02
0.32001000,2.24064001,5.16750100e-02
0.32161000,2.23353796,4.87207800e-02
0.32479000,2.21984006,4.34914100e-02
0.32638000,2.21324163,4.11864900e-02
0.32957000,2.20053745,3.71299200e-02
0.33116000,2.19442784,3.53546200e-02
0.33434000,2.18268445,3.22574300e-02
0.33593000,2.17704736,3.09167500e-02
0.33912000,2.16623741,2.86093200e-02
0.34071000,2.16106461,2.76275400e-02
0.34389000,2.15119877,2.59741000e-02
0.34548000,2.14653759,2.52748700e-02
0.34867000,2.13769101,2.39471600e-02
0.35026000,2.13345877,2.33137900e-02
0.35344000,2.12531947,2.21052000e-02
0.35504000,2.12139667,2.15288200e-02
0.35822000,2.11381409,2.04290900e-02
0.35981000,2.11014433,1.99046200e-02
0.36299000,2.10302647,1.89038100e-02
0.36459000,2.09957119,1.84264400e-02
0.36777000,2.09285183,1.75153200e-02
0.37095000,2.08636899,1.66592500e-02
0.37254000,2.08321014,1.62507500e-02
0.37573000,2.07704647,1.54707200e-02
0.37732000,2.07403771,1.50983900e-02
0.38050000,2.06815721,1.43872200e-02
0.38210000,2.06528218,1.40476600e-02
0.38528000,2.05965483,1.33988600e-02
0.38846000,2.05418175,1.27883400e-02
0.39005000,2.05149982,1.24966800e-02
0.39324000,2.04623925,1.19390900e-02
0.39483000,2.04365836,1.16726300e-02
0.39801000,2.03859023,1.11630500e-02
0.40119000,2.03364043,1.06829900e-02
0.40279000,2.03120768,1.04534500e-02
0.40597000,2.02642218,1.00142600e-02
0.40915000,2.02173811,9.60023000e-03
0.41074000,2.01943226,9.40216000e-03
0.41393000,2.01488934,9.02299000e-03
0.41711000,2.01043395,8.66533000e-03
0.41870000,2.00823747,8.49415000e-03
0.42188000,2.00390405,8.16632000e-03
0.42506000,1.99964634,7.85691000e-03
0.42665000,1.99754454,7.70876000e-03
0.42984000,1.99339266,7.42495000e-03
0.43302000,1.98930647,7.15695000e-03
0.43620000,1.98528254,6.90385000e-03
0.43779000,1.98329279,6.78262000e-03
0.44097000,1.97935590,6.55029000e-03
0.44416000,1.97547316,6.33080000e-03
0.44734000,1.97164168,6.12345000e-03
0.44893000,1.96974428,6.02411000e-03
0.45211000,1.96598463,5.83369000e-03
0.45529000,1.96226965,5.65378000e-03
0.45847000,1.95859694,5.48381000e-03
0.46006000,1.95677571,5.40237000e-03
0.46324000,1.95316225,5.24630000e-03
0.46643000,1.94958565,5.09887000e-03
0.46961000,1.94604388,4.95963000e-03
0.47279000,1.94253502,4.82815000e-03
0.47438000,1.94079243,4.76519000e-03
0.47756000,1.93732964,4.64460000e-03
0.48074000,1.93389551,4.53080000e-03
0.48392000,1.93048833,4.42345000e-03
0.48710000,1.92710663,4.32223000e-03
0.49028000,1.92374899,4.22683000e-03
0.49346000,1.92041391,4.13697000e-03
0.49664000,1.91710012,4.05237000e-03
0.49823000,1.91545079,4.01197000e-03
0.50141000,1.91216656,3.93480000e-03
0.50459000,1.90890051,3.86230000e-03
0.50777000,1.90565154,3.79424000e-03
0.51094000,1.90241851,3.73043000e-03
0.51412000,1.89920036,3.67066000e-03
0.51730000,1.89599606,3.61476000e-03
0.52048000,1.89280471,3.56256000e-03
0.52366000,1.88962536,3.51389000e-03
0.52684000,1.88645706,3.46861000e-03
0.53002000,1.88329900,3.42657000e-03
0.53319000,1.88015030,3.38763000e-03
0.53637000,1.87701019,3.35167000e-03
0.53955000,1.87387791,3.31857000e-03
0.54273000,1.87075271,3.28821000e-03
0.54590000,1.86763388,3.26049000e-03
0.54908000,1.86452071,3.23530000e-03
0.55226000,1.86141254,3.21256000e-03
0.55543000,1.85830872,3.19216000e-03
0.55861000,1.85520862,3.17403000e-03
0.56178000,1.85211170,3.15808000e-03
0.56496000,1.84901726,3.14424000e-03
0.56814000,1.84592483,3.13243000e-03
0.57290000,1.84128872,3.11838000e-03
0.57607000,1.83819890,3.11137000e-03
0.57925000,1.83510926,3.10617000e-03
0.58242000,1.83201924,3.10273000e-03
0.58560000,1.82892843,3.10099000e-03
0.58877000,1.82583630,3.10090000e-03
0.59195000,1.82274246,3.10242000e-03
0.59671000,1.81809757,3.10761000e-03
0.59988000,1.81499753,3.11295000e-03
0.60305000,1.81189430,3.11975000e-03
0.60623000,1.80878748,3.12797000e-03
0.60940000,1.80567673,3.13758000e-03
0.61416000,1.80100225,3.15452000e-03
0.61733000,1.79787989,3.16746000e-03
0.62050000,1.79475232,3.18168000e-03
0.62367000,1.79161909,3.19715000e-03
0.62843000,1.78690807,3.22265000e-03
0.63160000,1.78375948,3.24114000e-03
0.63477000,1.78060409,3.26081000e-03
0.63952000,1.77585774,3.29246000e-03
0.64269000,1.77268421,3.31496000e-03
0.64586000,1.76950285,3.33857000e-03
0.65062000,1.76471561,3.37602000e-03
0.65379000,1.76151354,3.40231000e-03
0.65696000,1.75830270,3.42966000e-03
0.66171000,1.75346933,3.47262000e-03
0.66488000,1.75023537,3.50254000e-03
0.66804000,1.74699171,3.53346000e-03
0.67279000,1.74210740,3.58172000e-03
0.67596000,1.73883840,3.61512000e-03
0.68071000,1.73391492,3.66705000e-03
0.68388000,1.73061898,3.70288000e-03
0.68862000,1.72565404,3.75841000e-03
0.69179000,1.72232972,3.79662000e-03
0.69654000,1.71732118,3.85571000e-03
0.69970000,1.71396708,3.89627000e-03
0.70445000,1.70891274,3.95886000e-03
0.70761000,1.70552747,4.00175000e-03
0.71236000,1.70042535,4.06782000e-03
0.71552000,1.69700752,4.11302000e-03
0.72026000,1.69185559,4.18255000e-03
0.72342000,1.68840388,4.23006000e-03
0.72817000,1.68320020,4.30304000e-03
0.73133000,1.67971339,4.35285000e-03
0.73607000,1.67445601,4.42929000e-03
0.74081000,1.66916546,4.50782000e-03
0.74397000,1.66561973,4.56132000e-03
0.74871000,1.66027247,4.64333000e-03
0.75344000,1.65489032,4.72743000e-03
0.75660000,1.65128248,4.78468000e-03
0.76134000,1.64584058,4.87231000e-03
0.76607000,1.64036200,4.96209000e-03
0.76923000,1.63668888,5.02313000e-03
0.77396000,1.63114760,5.11650000e-03
0.77870000,1.62556789,5.21204000e-03
0.78343000,1.61994902,5.30980000e-03
0.78659000,1.61618100,5.37620000e-03
0.79132000,1.61049542,5.47768000e-03
0.79605000,1.60476887,5.58142000e-03
0.80077000,1.59900072,5.68745000e-03
0.80393000,1.59513188,5.75942000e-03
0.80865000,1.58929290,5.86934000e-03
0.81338000,1.58341053,5.98163000e-03
0.81811000,1.57748403,6.09632000e-03
0.82283000,1.57151268,6.21345000e-03
0.82755000,1.56549590,6.33305000e-03
0.83228000,1.55943302,6.45516000e-03
0.83543000,1.55536492,6.53799000e-03
0.84015000,1.54922331,6.66438000e-03
0.84487000,1.54303365,6.79338000e-03
0.84959000,1.53679506,6.92506000e-03
0.85430000,1.53050677,7.05944000e-03
0.85902000,1.52416815,7.19659000e-03
0.86374000,1.51777841,7.33654000e-03
0.86845000,1.51133674,7.47936000e-03
0.87316000,1.50484221,7.62509000e-03
0.87788000,1.49829426,7.77380000e-03
0.88259000,1.49169178,7.92554000e-03
0.88730000,1.48503419,8.08037000e-03
0.89358000,1.47606997,8.29174000e-03
0.89829000,1.46928009,8.45404000e-03
0.90299000,1.46243212,8.61967000e-03
0.90770000,1.45552498,8.78868000e-03
0.91240000,1.44855788,8.96117000e-03
0.91711000,1.44152984,9.13719000e-03
0.92181000,1.43443985,9.31685000e-03
0.92808000,1.42488832,9.56218000e-03
0.93278000,1.41764980,9.75064000e-03
0.93747000,1.41034584,9.94303000e-03
0.94217000,1.40297548,1.01394500e-02
0.94843000,1.39304279,1.04077700e-02
0.95313000,1.38551268,1.06139900e-02
0.95782000,1.37791226,1.08246000e-02
0.96251000,1.37024030,1.10397000e-02
0.96876000,1.35989737,1.13337300e-02
0.97345000,1.35205337,1.15598300e-02
0.97814000,1.34413341,1.17908700e-02
0.98439000,1.33345283,1.21068600e-02
0.98907000,1.32535001,1.23499900e-02
0.99532000,1.31442054,1.26826400e-02
1.00000000,1.30612675,1.29387300e-02
