# Franta 2016 fused silica; λ[µm], n, k
# wavelength_um,n,k
0.20017000,1.54950671,2.91263315e-08
0.20530500,1.54304859,1.35606834e-08
0.21008700,1.53763604,6.88733944e-09
0.21399300,1.53358989,4.05280905e-09
0.21847400,1.52931329,2.25922529e-09
0.22202400,1.52617334,1.44659444e-09
0.22615200,1.52276973,8.77059463e-10
0.23035600,1.51954980,5.36794634e-10
0.23409900,1.51687288,3.51949323e-10
0.23790300,1.51431887,2.32294596e-10
0.24176900,1.51188050,1.54280946e-10
0.24569700,1.50955110,1.03054300e-10
0.24968900,1.50732447,6.91793581e-11
0.25374600,1.50519488,4.66212837e-11
0.25786900,1.50315702,3.14938554e-11
0.26145700,1.50147953,2.25060071e-11
0.26570500,1.49959915,1.51669645e-11
0.26940100,1.49805001,1.07511956e-11
0.27377900,1.49631215,7.09897247e-12
0.27758700,1.49487933,4.87118649e-12
0.28144900,1.49349654,3.23042366e-12
0.28602200,1.49194366,1.84307817e-12
0.29000100,1.49066208,9.75602319e-13
0.29403600,1.48942412,3.20198556e-13
0.29812600,1.48822800,0.00000000e+00
0.30297000,1.48688312,0.00000000e+00
0.30718500,1.48577189,0.00000000e+00
0.31145800,1.48469736,0.00000000e+00
0.31579100,1.48365808,0.00000000e+00
0.32018400,1.48265267,0.00000000e+00
0.32463800,1.48167980,0.00000000e+00
0.32915500,1.48073822,0.00000000e+00
0.33373400,1.47982673,0.00000000e+00
0.33759800,1.47908930,0.00000000e+00
0.34229400,1.47823003,0.00000000e+00
0.34705600,1.47739774,0.00000000e+00
0.35188400,1.47659141,0.00000000e+00
0.35677900,1.47581009,0.00000000e+00
0.36091100,1.47517742,0.00000000e+00
0.36593200,1.47443958,0.00000000e+00
0.37102200,1.47372424,0.00000000e+00
0.37618400,1.47303057,0.00000000e+00
0.38054000,1.47246852,0.00000000e+00
0.38583300,1.47181260,0.00000000e+00
0.39030100,1.47128096,0.00000000e+00
0.39573100,1.47066034,0.00000000e+00
0.40123600,1.47005802,0.00000000e+00
0.40588200,1.46956959,0.00000000e+00
0.41152800,1.46899914,0.00000000e+00
0.41629400,1.46853642,0.00000000e+00
0.42208500,1.46799582,0.00000000e+00
0.42697200,1.46755718,0.00000000e+00
0.43291200,1.46704455,0.00000000e+00
0.43792500,1.46662846,0.00000000e+00
0.44401700,1.46614204,0.00000000e+00
0.44915900,1.46574709,0.00000000e+00
0.45540700,1.46528523,0.00000000e+00
0.46068100,1.46491010,0.00000000e+00
0.46601500,1.46454356,0.00000000e+00
0.47249800,1.46411470,0.00000000e+00
0.47796900,1.46376620,0.00000000e+00
0.48461800,1.46335830,0.00000000e+00
0.49023000,1.46302670,0.00000000e+00
0.49590700,1.46270243,0.00000000e+00
0.50280500,1.46232268,0.00000000e+00
0.50862800,1.46201378,0.00000000e+00
0.51451700,1.46171156,0.00000000e+00
0.52047500,1.46141580,0.00000000e+00
0.52771600,1.46106916,0.00000000e+00
0.53382600,1.46078697,0.00000000e+00
0.54000800,1.46051066,0.00000000e+00
0.54626100,1.46024004,0.00000000e+00
0.55386000,1.45992259,0.00000000e+00
0.56027300,1.45966393,0.00000000e+00
0.56676100,1.45941043,0.00000000e+00
0.57332400,1.45916195,0.00000000e+00
0.57996200,1.45891832,0.00000000e+00
0.58803100,1.45863217,0.00000000e+00
0.59484000,1.45839870,0.00000000e+00
0.60172800,1.45816962,4.89619055e-320
0.60869500,1.45794479,3.47839237e-311
0.61574400,1.45772407,1.46862378e-302
0.62287400,1.45750732,3.73365733e-294
0.63008600,1.45729442,5.78548089e-286
0.63885100,1.45704384,2.06074966e-276
0.64624900,1.45683896,1.11995876e-268
0.65373200,1.45663752,3.85007422e-261
0.66130200,1.45643941,8.46477850e-254
0.66896000,1.45624451,1.20314693e-246
0.67670600,1.45605270,1.11723885e-239
0.68454200,1.45586386,6.84791736e-233
0.69246800,1.45567790,2.79841747e-226
0.70048700,1.45549470,7.69949746e-220
0.70859800,1.45531415,1.44000117e-213
0.71680300,1.45513614,1.84786927e-207
0.72510300,1.45496058,1.64191169e-201
0.73350000,1.45478736,1.01921970e-195
0.74199300,1.45461638,4.45865441e-190
0.75058500,1.45444755,1.38626947e-184
0.75927600,1.45428075,3.08889097e-179
0.76806800,1.45411591,4.97264177e-174
0.77696200,1.45395292,5.82958143e-169
0.78595900,1.45379169,5.01543208e-164
0.79506000,1.45363213,3.19062967e-159
0.80426600,1.45347414,1.51196148e-154
0.81357900,1.45331764,5.37557932e-150
0.82300000,1.45316254,1.44404402e-145
0.83253000,1.45300874,2.95110566e-141
0.84217000,1.45285617,4.61898581e-137
0.84996300,1.45273494,8.68360743e-134
0.85980500,1.45258435,8.54785092e-130
0.86976100,1.45243474,6.56077352e-126
0.87983200,1.45228602,3.95048767e-122
0.89002000,1.45213812,1.87731621e-118
0.90032600,1.45199095,7.08186179e-115
0.91075100,1.45184442,2.13281486e-111
0.92129700,1.45169846,5.15666024e-108
0.92982200,1.45158204,2.24908279e-105
0.94058900,1.45143688,3.71210215e-102
0.95148000,1.45129206,4.99233319e-99
0.96249800,1.45114749,5.49870359e-96
0.97364300,1.45100308,4.98473267e-93
0.98491800,1.45085877,3.73722248e-90
0.99403100,1.45074333,6.52338217e-88
1.00554000,1.45059897,3.51610064e-85
1.01718000,1.45045448,1.58780021e-82
1.02896000,1.45030976,6.03384195e-80
1.04088000,1.45016474,1.93788226e-77
1.05051000,1.45004845,1.74315931e-75
1.06267000,1.44990269,4.17955373e-73
1.07498000,1.44975639,8.56773148e-71
1.08743000,1.44960947,1.50748516e-68
1.10002000,1.44946186,2.28538291e-66
1.11020000,1.44934322,1.14333687e-64
1.12305000,1.44919414,1.79852343e-61
1.13606000,1.44904413,2.91612642e-55
1.14921000,1.44889310,1.83924705e-49
1.15984000,1.44877148,3.92841721e-45
1.17328000,1.44861841,4.26033467e-40
1.18686000,1.44846407,1.81181884e-35
1.20060000,1.44830838,3.11047665e-31
1.21171000,1.44818279,4.02905556e-28
1.22574000,1.44802445,1.45043908e-24
1.23994000,1.44786450,2.27720517e-21
1.25141000,1.44773533,4.59529426e-19
1.26590000,1.44757226,1.72998474e-16
1.28056000,1.44740733,3.05184700e-14
1.29241000,1.44727397,1.12687457e-12
1.30737000,1.44710543,5.39913517e-11
1.32251000,1.44693474,1.29576699e-09
1.33783000,1.44676177,1.59337224e-08
1.35021000,1.44662166,7.43868012e-08
1.36584000,1.44644425,2.98681734e-07
1.38166000,1.44626500,1.56146576e-06
1.39444000,1.44612013,8.72289848e-07
1.41059000,1.44593580,5.51577427e-07
1.42364000,1.44578622,2.92002466e-07
1.44012000,1.44559647,8.18129664e-08
1.45680000,1.44540370,1.36457617e-08
1.47028000,1.44524726,2.26897503e-09
1.48730000,1.44504883,1.55657211e-10
1.50453000,1.44484707,6.67880669e-12
1.51845000,1.44468317,3.88038889e-13
1.53603000,1.44447509,7.46018798e-15
1.55382000,1.44426330,9.39065419e-17
1.56819000,1.44409113,2.11233362e-18
1.58635000,1.44387236,1.29970077e-20
1.60103000,1.44369442,5.79584885e-22
1.61957000,1.44346824,2.31518183e-21
1.63832000,1.44323773,1.21922218e-20
1.65348000,1.44305012,4.41586149e-20
1.67263000,1.44281148,2.09568981e-19
1.68811000,1.44261717,6.99697481e-19
1.70765000,1.44236991,3.00725275e-18
1.72345000,1.44216850,9.36689917e-18
1.74341000,1.44191210,5.91309409e-17
1.76360000,1.44165040,3.21663797e-15
1.77992000,1.44143711,9.01884788e-14
1.80053000,1.44116544,3.11446054e-12
1.81719000,1.44094394,3.15537869e-11
1.83823000,1.44066172,3.03640409e-10
1.85524000,1.44043155,1.13814402e-09
1.87672000,1.44013818,3.27905162e-09
1.89409000,1.43989884,4.82170586e-09
1.91602000,1.43959369,4.47008110e-09
1.93821000,1.43928169,2.30795524e-09
1.95614000,1.43902703,1.17632534e-09
1.97879000,1.43870217,2.88536791e-09
1.99710000,1.43843693,1.06671428e-08
2.02023000,1.43809848,3.64952526e-08
2.03892000,1.43782205,6.86983477e-08
2.06253000,1.43746923,1.04512990e-07
2.08161000,1.43718095,1.26089586e-07
2.10572000,1.43681277,1.92854103e-07
2.12520000,1.43651177,3.42669501e-07
2.14981000,1.43612717,7.29630873e-07
2.16970000,1.43581239,1.30036258e-06
2.19482000,1.43540867,5.12815741e-06
2.21513000,1.43508708,1.03686559e-05
2.24078000,1.43467181,7.76182669e-06
2.26152000,1.43433163,6.11201617e-06
2.28770000,1.43389425,3.17981723e-06
2.30887000,1.43353538,1.94241326e-06
2.33024000,1.43316923,1.32174941e-06
2.35722000,1.43270097,9.32282189e-07
2.37903000,1.43231756,9.38312034e-07
2.40658000,1.43182701,1.37637836e-06
2.42885000,1.43142530,1.96051895e-06
2.45697000,1.43091093,2.80331197e-06
2.47970000,1.43048897,3.67528462e-06
2.50842000,1.42994768,5.51378870e-06
2.53163000,1.42950328,7.82002231e-06
2.56094000,1.42893273,1.13626036e-05
2.58464000,1.42846243,1.41224132e-05
2.60855000,1.42797627,1.66716480e-05
2.63876000,1.42733562,2.15481266e-05
2.66318000,1.42677441,3.41255390e-05
2.69401000,1.42589941,2.57828493e-04
2.71894000,1.42572012,6.10517603e-04
2.75043000,1.42540472,4.94034829e-04
2.77587000,1.42496960,3.40339164e-04
2.80156000,1.42443956,2.06685834e-04
2.83400000,1.42369707,9.36212294e-05
2.86022000,1.42307745,5.03928290e-05
2.89334000,1.42229899,2.73184210e-05
2.92011000,1.42167159,1.85940619e-05
2.94713000,1.42103658,1.36711513e-05
2.98126000,1.42022888,1.01530898e-05
3.00885000,1.41956967,8.37808117e-06
3.04369000,1.41872737,6.86572201e-06
3.07185000,1.41803785,6.07471894e-06
3.10027000,1.41733365,5.59585730e-06
3.13617000,1.41643192,5.20692597e-06
3.16519000,1.41569248,4.85450175e-06
3.19448000,1.41493621,4.49548673e-06
3.23147000,1.41396630,4.16937911e-06
3.26137000,1.41317005,3.98693084e-06
3.29913000,1.41214824,3.83976985e-06
3.32966000,1.41130877,3.91160563e-06
3.36047000,1.41044913,4.33122504e-06
3.39938000,1.40934549,5.28177231e-06
3.43084000,1.40843833,6.16846196e-06
3.46258000,1.40750853,7.48501056e-06
3.50268000,1.40631384,1.06725223e-05
3.53509000,1.40533228,1.42698940e-05
3.56779000,1.40432704,1.77628430e-05
3.60911000,1.40303424,2.16145185e-05
3.64250000,1.40196923,2.60671517e-05
3.67621000,1.40087784,3.33590243e-05
3.71877000,1.39947918,4.38590491e-05
3.75318000,1.39833075,4.88520260e-05
3.78791000,1.39715088,4.97183659e-05
3.83177000,1.39562700,4.91430906e-05
3.86723000,1.39436861,4.99734694e-05
3.90301000,1.39307536,5.16666091e-05
3.94821000,1.39140691,5.41815346e-05
3.98474000,1.39002791,5.77938451e-05
4.02161000,1.38860865,6.47758298e-05
4.06818000,1.38677868,7.93451181e-05
4.10582000,1.38527062,9.43457244e-05
4.14381000,1.38372203,1.08851044e-04
4.19179000,1.38171980,1.22414715e-04
4.23058000,1.38005491,1.35438145e-04
4.26972000,1.37833433,1.62327792e-04
4.30923000,1.37657022,2.07120535e-04
4.35913000,1.37431986,2.69901781e-04
4.39946000,1.37247704,3.00963068e-04
4.44017000,1.37057241,3.01557893e-04
4.49159000,1.36806377,2.70149038e-04
4.53315000,1.36593613,2.45435400e-04
4.57509000,1.36370346,2.42308993e-04
4.61743000,1.36137208,2.64640999e-04
4.67089000,1.35830275,3.21769478e-04
4.71411000,1.35568362,4.05781195e-04
4.75773000,1.35287879,5.84653337e-04
4.81282000,1.34913851,1.12492398e-03
4.85736000,1.34615278,1.94749549e-03
4.90230000,1.34346158,3.03455120e-03
4.94766000,1.34118681,4.06250824e-03
4.99344000,1.33914552,4.70965942e-03
