# Jolivet 2023 ALD anatase TiO2 thin film; λ[µm], n, k
# wavelength_um,n,k
0.25047000,2.28566000,1.63872000e+00
0.25303000,2.33737000,1.64676000e+00
0.25564000,2.39180000,1.65289000e+00
0.25776000,2.43738000,1.65619000e+00
0.25992000,2.48483000,1.65784000e+00
0.26212000,2.53417000,1.65759000e+00
0.26436000,2.58543000,1.65520000e+00
0.26663000,2.63861000,1.65036000e+00
0.26836000,2.67974000,1.64493000e+00
0.27071000,2.73619000,1.63500000e+00
0.27249000,2.77967000,1.62533000e+00
0.27491000,2.83905000,1.60914000e+00
0.27675000,2.88452000,1.59429000e+00
0.27862000,2.93067000,1.57690000e+00
0.28051000,2.97735000,1.55678000e+00
0.28242000,3.02438000,1.53374000e+00
0.28437000,3.07154000,1.50758000e+00
0.28634000,3.11857000,1.47813000e+00
0.28834000,3.16518000,1.44521000e+00
0.29036000,3.21103000,1.40869000e+00
0.29242000,3.25575000,1.36847000e+00
0.29450000,3.29890000,1.32447000e+00
0.29591000,3.32658000,1.29305000e+00
0.29804000,3.36611000,1.24279000e+00
0.30020000,3.40280000,1.18889000e+00
0.30166000,3.42544000,1.15103000e+00
0.30388000,3.45630000,1.09153000e+00
0.30613000,3.48300000,1.02909000e+00
0.30765000,3.49826000,9.86030000e-01
0.30996000,3.51707000,9.19660000e-01
0.31152000,3.52672000,8.74460000e-01
0.31388000,3.53667000,8.05700000e-01
0.31548000,3.54020000,7.59500000e-01
0.31791000,3.54075000,6.90160000e-01
0.31955000,3.53796000,6.44220000e-01
0.32120000,3.53265000,5.98750000e-01
0.32372000,3.52010000,5.31870000e-01
0.32542000,3.50877000,4.88460000e-01
0.32714000,3.49518000,4.46210000e-01
0.32975000,3.47082000,3.85370000e-01
0.33151000,3.45211000,3.46730000e-01
0.33329000,3.43161000,3.09800000e-01
0.33509000,3.40946000,2.74680000e-01
0.33783000,3.37354000,2.25640000e-01
0.33968000,3.34803000,1.95490000e-01
0.34155000,3.32149000,1.67450000e-01
0.34345000,3.29409000,1.41570000e-01
0.34536000,3.26602000,1.17870000e-01
0.34729000,3.23744000,9.63800000e-02
0.34925000,3.20855000,7.71100000e-02
0.35123000,3.17951000,6.00500000e-02
0.35323000,3.15051000,4.51900000e-02
0.35526000,3.12172000,3.25000000e-02
0.35730000,3.09333000,2.19700000e-02
0.35937000,3.06554000,1.35500000e-02
0.36147000,3.03855000,7.19000000e-03
0.36359000,3.01262000,2.87000000e-03
0.36574000,2.98807000,5.09000000e-04
0.36791000,2.96555000,0.00000000e+00
0.37010000,2.94552000,0.00000000e+00
0.37232000,2.92708000,0.00000000e+00
0.37457000,2.90988000,0.00000000e+00
0.37685000,2.89371000,0.00000000e+00
0.37800000,2.88596000,0.00000000e+00
0.38032000,2.87107000,0.00000000e+00
0.38267000,2.85693000,0.00000000e+00
0.38504000,2.84344000,0.00000000e+00
0.38745000,2.83055000,0.00000000e+00
0.38867000,2.82431000,0.00000000e+00
0.39112000,2.81222000,0.00000000e+00
0.39360000,2.80061000,0.00000000e+00
0.39612000,2.78945000,0.00000000e+00
0.39739000,2.78402000,0.00000000e+00
0.39995000,2.77347000,0.00000000e+00
0.40255000,2.76328000,0.00000000e+00
0.40386000,2.75833000,0.00000000e+00
0.40651000,2.74866000,0.00000000e+00
0.40919000,2.73931000,0.00000000e+00
0.41054000,2.73475000,0.00000000e+00
0.41328000,2.72584000,0.00000000e+00
0.41605000,2.71721000,0.00000000e+00
0.41746000,2.71300000,0.00000000e+00
0.42029000,2.70475000,0.00000000e+00
0.42171000,2.70072000,0.00000000e+00
0.42460000,2.69284000,0.00000000e+00
0.42753000,2.68517000,0.00000000e+00
0.42901000,2.68142000,0.00000000e+00
0.43200000,2.67408000,0.00000000e+00
0.43351000,2.67048000,0.00000000e+00
0.43656000,2.66343000,0.00000000e+00
0.43811000,2.65997000,0.00000000e+00
0.44122000,2.65320000,0.00000000e+00
0.44280000,2.64988000,0.00000000e+00
0.44599000,2.64336000,0.00000000e+00
0.44760000,2.64016000,0.00000000e+00
0.45085000,2.63389000,0.00000000e+00
0.45250000,2.63082000,0.00000000e+00
0.45415000,2.62778000,0.00000000e+00
0.45751000,2.62181000,0.00000000e+00
0.45920000,2.61888000,0.00000000e+00
0.46263000,2.61312000,0.00000000e+00
0.46436000,2.61029000,0.00000000e+00
0.46611000,2.60750000,0.00000000e+00
0.46964000,2.60201000,0.00000000e+00
0.47142000,2.59931000,0.00000000e+00
0.47504000,2.59401000,0.00000000e+00
0.47686000,2.59140000,0.00000000e+00
0.47870000,2.58883000,0.00000000e+00
0.48243000,2.58376000,0.00000000e+00
0.48431000,2.58127000,0.00000000e+00
0.48621000,2.57880000,0.00000000e+00
0.49006000,2.57396000,0.00000000e+00
0.49200000,2.57157000,0.00000000e+00
0.49396000,2.56921000,0.00000000e+00
0.49594000,2.56688000,0.00000000e+00
0.49994000,2.56229000,0.00000000e+00
0.50196000,2.56003000,0.00000000e+00
0.50400000,2.55780000,0.00000000e+00
0.50606000,2.55558000,0.00000000e+00
0.51022000,2.55123000,0.00000000e+00
0.51233000,2.54909000,0.00000000e+00
0.51446000,2.54697000,0.00000000e+00
0.51660000,2.54487000,0.00000000e+00
0.52094000,2.54073000,0.00000000e+00
0.52314000,2.53870000,0.00000000e+00
0.52536000,2.53668000,0.00000000e+00
0.52759000,2.53469000,0.00000000e+00
0.52985000,2.53272000,0.00000000e+00
0.53212000,2.53076000,0.00000000e+00
0.53673000,2.52691000,0.00000000e+00
0.53906000,2.52502000,0.00000000e+00
0.54142000,2.52314000,0.00000000e+00
0.54379000,2.52128000,0.00000000e+00
0.54619000,2.51944000,0.00000000e+00
0.54860000,2.51762000,0.00000000e+00
0.55350000,2.51403000,0.00000000e+00
0.55598000,2.51226000,0.00000000e+00
0.55849000,2.51051000,0.00000000e+00
0.56101000,2.50877000,0.00000000e+00
0.56356000,2.50705000,0.00000000e+00
0.56614000,2.50535000,0.00000000e+00
0.56873000,2.50367000,0.00000000e+00
0.57136000,2.50200000,0.00000000e+00
0.57400000,2.50034000,0.00000000e+00
0.57667000,2.49871000,0.00000000e+00
0.57937000,2.49709000,0.00000000e+00
0.58209000,2.49548000,0.00000000e+00
0.58483000,2.49389000,0.00000000e+00
0.59040000,2.49075000,0.00000000e+00
0.59323000,2.48921000,0.00000000e+00
0.59608000,2.48767000,0.00000000e+00
0.59896000,2.48616000,0.00000000e+00
0.60187000,2.48465000,0.00000000e+00
0.60480000,2.48316000,0.00000000e+00
0.60777000,2.48169000,0.00000000e+00
0.61076000,2.48023000,0.00000000e+00
0.61378000,2.47878000,0.00000000e+00
0.61684000,2.47735000,0.00000000e+00
0.61992000,2.47593000,0.00000000e+00
0.62304000,2.47452000,0.00000000e+00
0.62618000,2.47312000,0.00000000e+00
0.62936000,2.47174000,0.00000000e+00
0.63257000,2.47037000,0.00000000e+00
0.63582000,2.46902000,0.00000000e+00
0.63909000,2.46767000,0.00000000e+00
0.64241000,2.46634000,0.00000000e+00
0.64575000,2.46502000,0.00000000e+00
0.64913000,2.46372000,0.00000000e+00
0.65255000,2.46242000,0.00000000e+00
0.65600000,2.46114000,0.00000000e+00
0.65949000,2.45987000,0.00000000e+00
0.66302000,2.45861000,0.00000000e+00
0.66658000,2.45736000,0.00000000e+00
0.67018000,2.45613000,0.00000000e+00
0.67383000,2.45490000,0.00000000e+00
0.67751000,2.45369000,0.00000000e+00
0.68123000,2.45249000,0.00000000e+00
0.68500000,2.45129000,0.00000000e+00
0.68880000,2.45011000,0.00000000e+00
0.69265000,2.44894000,0.00000000e+00
0.69654000,2.44779000,0.00000000e+00
0.70048000,2.44664000,0.00000000e+00
0.70446000,2.44550000,0.00000000e+00
0.70848000,2.44437000,0.00000000e+00
0.71255000,2.44326000,0.00000000e+00
0.71667000,2.44215000,0.00000000e+00
0.72084000,2.44105000,0.00000000e+00
0.72505000,2.43997000,0.00000000e+00
0.72932000,2.43889000,0.00000000e+00
0.73363000,2.43782000,0.00000000e+00
0.73800000,2.43677000,0.00000000e+00
0.74242000,2.43572000,0.00000000e+00
0.74689000,2.43468000,0.00000000e+00
0.75142000,2.43366000,0.00000000e+00
0.75600000,2.43264000,0.00000000e+00
0.76064000,2.43163000,0.00000000e+00
0.76533000,2.43063000,0.00000000e+00
0.77009000,2.42964000,0.00000000e+00
0.77490000,2.42866000,0.00000000e+00
0.77977000,2.42769000,0.00000000e+00
0.78471000,2.42673000,0.00000000e+00
0.78971000,2.42577000,0.00000000e+00
0.79477000,2.42483000,0.00000000e+00
0.79990000,2.42389000,0.00000000e+00
0.80509000,2.42296000,0.00000000e+00
0.81035000,2.42205000,0.00000000e+00
0.81569000,2.42114000,0.00000000e+00
0.82109000,2.42023000,0.00000000e+00
0.82656000,2.41934000,0.00000000e+00
