# Jolivet 2023 ALD amorphous TiO2 @200 C; λ[µm], n, k; NIR needs Sellmeier extension in code
# wavelength_um,n,k
0.25047000,2.46560000,1.44272000e+00
0.25355000,2.52255000,1.43593000e+00
0.25617000,2.57172000,1.42754000e+00
0.25884000,2.62239000,1.41635000e+00
0.26102000,2.66393000,1.40516000e+00
0.26324000,2.70629000,1.39178000e+00
0.26549000,2.74937000,1.37601000e+00
0.26778000,2.79305000,1.35766000e+00
0.27012000,2.83717000,1.33652000e+00
0.27249000,2.88153000,1.31237000e+00
0.27491000,2.92591000,1.28502000e+00
0.27675000,2.95904000,1.26227000e+00
0.27924000,3.00274000,1.22883000e+00
0.28114000,3.03496000,1.20132000e+00
0.28307000,3.06652000,1.17167000e+00
0.28568000,3.10723000,1.12872000e+00
0.28767000,3.13646000,1.09393000e+00
0.28968000,3.16434000,1.05692000e+00
0.29173000,3.19061000,1.01773000e+00
0.29380000,3.21503000,9.76420000e-01
0.29591000,3.23735000,9.33060000e-01
0.29804000,3.25731000,8.87800000e-01
0.30020000,3.27465000,8.40790000e-01
0.30240000,3.28914000,7.92230000e-01
0.30463000,3.30054000,7.42360000e-01
0.30689000,3.30866000,6.91460000e-01
0.30919000,3.31332000,6.39850000e-01
0.31152000,3.31439000,5.87860000e-01
0.31309000,3.31305000,5.53180000e-01
0.31548000,3.30794000,5.01400000e-01
0.31791000,3.29909000,4.50290000e-01
0.31955000,3.29113000,4.16780000e-01
0.32204000,3.27617000,3.67660000e-01
0.32372000,3.26423000,3.35860000e-01
0.32627000,3.24351000,2.89860000e-01
0.32800000,3.22792000,2.60500000e-01
0.33062000,3.20205000,2.18660000e-01
0.33240000,3.18328000,1.92390000e-01
0.33509000,3.15308000,1.55640000e-01
0.33691000,3.13175000,1.33030000e-01
0.33968000,3.09824000,1.02130000e-01
0.34155000,3.07509000,8.36400000e-02
0.34345000,3.05143000,6.69000000e-02
0.34632000,3.01534000,4.51800000e-02
0.34827000,2.99109000,3.30000000e-02
0.35024000,2.96690000,2.27100000e-02
0.35223000,2.94295000,1.43300000e-02
0.35526000,2.90796000,5.35000000e-03
0.35730000,2.88565000,1.78000000e-03
0.35937000,2.86461000,1.26000000e-04
0.36147000,2.84577000,0.00000000e+00
0.36359000,2.82889000,0.00000000e+00
0.36682000,2.80588000,0.00000000e+00
0.36900000,2.79174000,0.00000000e+00
0.37121000,2.77838000,0.00000000e+00
0.37345000,2.76571000,0.00000000e+00
0.37571000,2.75366000,0.00000000e+00
0.37800000,2.74215000,0.00000000e+00
0.38032000,2.73114000,0.00000000e+00
0.38267000,2.72059000,0.00000000e+00
0.38504000,2.71045000,0.00000000e+00
0.38745000,2.70070000,0.00000000e+00
0.38989000,2.69131000,0.00000000e+00
0.39236000,2.68224000,0.00000000e+00
0.39485000,2.67349000,0.00000000e+00
0.39612000,2.66923000,0.00000000e+00
0.39866000,2.66091000,0.00000000e+00
0.40124000,2.65286000,0.00000000e+00
0.40386000,2.64505000,0.00000000e+00
0.40651000,2.63749000,0.00000000e+00
0.40919000,2.63015000,0.00000000e+00
0.41191000,2.62302000,0.00000000e+00
0.41328000,2.61953000,0.00000000e+00
0.41605000,2.61270000,0.00000000e+00
0.41887000,2.60606000,0.00000000e+00
0.42171000,2.59960000,0.00000000e+00
0.42315000,2.59644000,0.00000000e+00
0.42606000,2.59023000,0.00000000e+00
0.42901000,2.58418000,0.00000000e+00
0.43050000,2.58122000,0.00000000e+00
0.43351000,2.57540000,0.00000000e+00
0.43656000,2.56973000,0.00000000e+00
0.43811000,2.56694000,0.00000000e+00
0.44122000,2.56147000,0.00000000e+00
0.44439000,2.55614000,0.00000000e+00
0.44599000,2.55352000,0.00000000e+00
0.44922000,2.54837000,0.00000000e+00
0.45250000,2.54333000,0.00000000e+00
0.45415000,2.54086000,0.00000000e+00
0.45751000,2.53600000,0.00000000e+00
0.45920000,2.53361000,0.00000000e+00
0.46263000,2.52891000,0.00000000e+00
0.46436000,2.52660000,0.00000000e+00
0.46786000,2.52206000,0.00000000e+00
0.46964000,2.51982000,0.00000000e+00
0.47322000,2.51543000,0.00000000e+00
0.47504000,2.51326000,0.00000000e+00
0.47870000,2.50900000,0.00000000e+00
0.48056000,2.50691000,0.00000000e+00
0.48431000,2.50278000,0.00000000e+00
0.48621000,2.50075000,0.00000000e+00
0.49006000,2.49675000,0.00000000e+00
0.49200000,2.49478000,0.00000000e+00
0.49396000,2.49284000,0.00000000e+00
0.49793000,2.48900000,0.00000000e+00
0.49994000,2.48711000,0.00000000e+00
0.50400000,2.48339000,0.00000000e+00
0.50606000,2.48155000,0.00000000e+00
0.50813000,2.47974000,0.00000000e+00
0.51233000,2.47616000,0.00000000e+00
0.51446000,2.47440000,0.00000000e+00
0.51660000,2.47265000,0.00000000e+00
0.52094000,2.46922000,0.00000000e+00
0.52314000,2.46752000,0.00000000e+00
0.52536000,2.46584000,0.00000000e+00
0.52985000,2.46254000,0.00000000e+00
0.53212000,2.46090000,0.00000000e+00
0.53441000,2.45929000,0.00000000e+00
0.53906000,2.45611000,0.00000000e+00
0.54142000,2.45454000,0.00000000e+00
0.54379000,2.45298000,0.00000000e+00
0.54619000,2.45144000,0.00000000e+00
0.55104000,2.44841000,0.00000000e+00
0.55350000,2.44691000,0.00000000e+00
0.55598000,2.44543000,0.00000000e+00
0.55849000,2.44396000,0.00000000e+00
0.56101000,2.44250000,0.00000000e+00
0.56614000,2.43963000,0.00000000e+00
0.56873000,2.43822000,0.00000000e+00
0.57136000,2.43682000,0.00000000e+00
0.57400000,2.43543000,0.00000000e+00
0.57667000,2.43405000,0.00000000e+00
0.58209000,2.43133000,0.00000000e+00
0.58483000,2.42999000,0.00000000e+00
0.58760000,2.42867000,0.00000000e+00
0.59040000,2.42735000,0.00000000e+00
0.59323000,2.42605000,0.00000000e+00
0.59608000,2.42476000,0.00000000e+00
0.59896000,2.42348000,0.00000000e+00
0.60187000,2.42221000,0.00000000e+00
0.60777000,2.41971000,0.00000000e+00
0.61076000,2.41847000,0.00000000e+00
0.61378000,2.41725000,0.00000000e+00
0.61684000,2.41604000,0.00000000e+00
0.61992000,2.41484000,0.00000000e+00
0.62304000,2.41365000,0.00000000e+00
0.62618000,2.41247000,0.00000000e+00
0.62936000,2.41130000,0.00000000e+00
0.63257000,2.41014000,0.00000000e+00
0.63582000,2.40899000,0.00000000e+00
0.63909000,2.40785000,0.00000000e+00
0.64241000,2.40672000,0.00000000e+00
0.64575000,2.40561000,0.00000000e+00
0.64913000,2.40450000,0.00000000e+00
0.65255000,2.40340000,0.00000000e+00
0.65600000,2.40231000,0.00000000e+00
0.65949000,2.40123000,0.00000000e+00
0.66302000,2.40016000,0.00000000e+00
0.66658000,2.39910000,0.00000000e+00
0.67018000,2.39805000,0.00000000e+00
0.67383000,2.39701000,0.00000000e+00
0.67751000,2.39598000,0.00000000e+00
0.68123000,2.39496000,0.00000000e+00
0.68500000,2.39395000,0.00000000e+00
0.68880000,2.39294000,0.00000000e+00
0.69265000,2.39195000,0.00000000e+00
0.69654000,2.39096000,0.00000000e+00
0.70048000,2.38998000,0.00000000e+00
0.70446000,2.38901000,0.00000000e+00
0.70848000,2.38805000,0.00000000e+00
0.71255000,2.38710000,0.00000000e+00
0.71667000,2.38616000,0.00000000e+00
0.72084000,2.38522000,0.00000000e+00
0.72505000,2.38430000,0.00000000e+00
0.72932000,2.38338000,0.00000000e+00
0.73363000,2.38247000,0.00000000e+00
0.73800000,2.38157000,0.00000000e+00
0.74242000,2.38068000,0.00000000e+00
0.74689000,2.37979000,0.00000000e+00
0.75142000,2.37891000,0.00000000e+00
0.75600000,2.37804000,0.00000000e+00
0.76064000,2.37718000,0.00000000e+00
0.76533000,2.37633000,0.00000000e+00
0.77009000,2.37548000,0.00000000e+00
0.77490000,2.37464000,0.00000000e+00
0.77977000,2.37381000,0.00000000e+00
0.78471000,2.37299000,0.00000000e+00
0.78971000,2.37217000,0.00000000e+00
0.79477000,2.37136000,0.00000000e+00
0.79990000,2.37056000,0.00000000e+00
0.80509000,2.36977000,0.00000000e+00
0.81035000,2.36898000,0.00000000e+00
0.81569000,2.36820000,0.00000000e+00
0.82109000,2.36743000,0.00000000e+00
