# Franta 2015 e-beam evaporated amorphous/fine-polycrystalline TiO2 film; λ[µm], n, k
# wavelength_um,n,k
0.20060400,1.89662531,1.17405053e+00
0.20292700,1.90551376,1.18117245e+00
0.20527700,1.91554720,1.18950805e+00
0.20765400,1.92685196,1.19893674e+00
0.21005800,1.93954594,1.20933803e+00
0.21249100,1.95374119,1.22059094e+00
0.21495100,1.96954604,1.23257301e+00
0.21744000,1.98706700,1.24515884e+00
0.21995800,2.00641016,1.25821834e+00
0.22250500,2.02768234,1.27161456e+00
0.22508200,2.05099181,1.28520125e+00
0.22768800,2.07644855,1.29882001e+00
0.23032400,2.10416402,1.31229707e+00
0.23299100,2.13425035,1.32543972e+00
0.23568900,2.16681874,1.33803233e+00
0.23841800,2.20197691,1.34983205e+00
0.24117900,2.23982538,1.36056422e+00
0.24397200,2.28045239,1.36991758e+00
0.24679700,2.32392684,1.37753962e+00
0.24965500,2.37028930,1.38303243e+00
0.25254600,2.41954031,1.38594945e+00
0.25547000,2.47162600,1.38579422e+00
0.25842800,2.52642068,1.38202196e+00
0.26142100,2.58370672,1.37404562e+00
0.26444800,2.64315224,1.36124798e+00
0.26751000,2.70428831,1.34300175e+00
0.27060800,2.76648795,1.31869939e+00
0.27374100,2.82895076,1.28779371e+00
0.27691100,2.89069816,1.24984898e+00
0.28011700,2.95058466,1.20460003e+00
0.28336100,3.00733052,1.15201389e+00
0.28664200,3.05957909,1.09234521e+00
0.28996100,3.10597792,1.02617454e+00
0.29331900,3.14527734,9.54418276e-01
0.29671500,3.17643444,8.78301824e-01
0.30015100,3.19870590,7.99294359e-01
0.30362700,3.21171358,7.19011352e-01
0.30714200,3.21547066,6.39099022e-01
0.31069900,3.21036469,5.61118990e-01
0.31429700,3.19710272,4.86450641e-01
0.31793600,3.17663104,4.16223473e-01
0.32161800,3.15004456,3.51284128e-01
0.32534200,3.11850032,2.92195606e-01
0.32910900,3.08314482,2.39261264e-01
0.33292000,3.04506065,1.92564266e-01
0.33677500,3.00523302,1.52013686e-01
0.34067500,2.96453402,1.17390387e-01
0.34462000,2.92372153,8.83882599e-02
0.34861000,2.88344929,6.46485524e-02
0.35264700,2.84428705,4.57866669e-02
0.35673000,2.80675459,3.14117947e-02
0.36086100,2.77141028,2.11359907e-02
0.36504000,2.73897540,1.42398656e-02
0.36926600,2.70959666,9.63155238e-03
0.37354200,2.68301845,6.54027590e-03
0.37786800,2.65891214,4.45884351e-03
0.38224300,2.63695790,3.05206170e-03
0.38666900,2.61687011,2.09761027e-03
0.39114700,2.59840289,1.44753062e-03
0.39567600,2.58134814,1.00301789e-03
0.40025800,2.56553096,6.97862581e-04
0.40489300,2.55080455,4.87539984e-04
0.40958100,2.53704542,3.41999485e-04
0.41432400,2.52414932,2.40884520e-04
0.41912100,2.51202768,1.70353831e-04
0.42397500,2.50060490,1.20960682e-04
0.42888400,2.48981592,8.62331577e-05
0.43385000,2.47960449,6.17205079e-05
0.43887400,2.46992159,4.43502820e-05
0.44395600,2.46072428,3.19934333e-05
0.44909700,2.45197470,2.31690491e-05
0.45429700,2.44363930,1.68431512e-05
0.45955800,2.43568818,1.22911005e-05
0.46487900,2.42809459,9.00315357e-06
0.47026200,2.42083444,6.61940432e-06
0.47570700,2.41388601,4.88480399e-06
0.48121600,2.40722960,3.61795111e-06
0.48678800,2.40084727,2.68935783e-06
0.49242500,2.39472266,2.00626128e-06
0.49812700,2.38884080,1.50197119e-06
0.50389500,2.38318792,1.12837268e-06
0.50973000,2.37775138,8.50631127e-07
0.51563200,2.37251948,6.43439444e-07
0.52160300,2.36748141,4.88349222e-07
0.52764300,2.36262715,3.71866305e-07
0.53375200,2.35794739,2.84087206e-07
0.53993300,2.35343348,2.17719511e-07
0.54618500,2.34907733,1.67375805e-07
0.55251000,2.34487141,1.29063077e-07
0.55890700,2.34080866,9.98122807e-08
0.56537900,2.33688246,7.74087162e-08
0.57192600,2.33308663,6.01951637e-08
0.57854900,2.32941532,4.69276890e-08
0.58524800,2.32586307,3.66696953e-08
0.59202500,2.32242471,2.87138372e-08
0.59888000,2.31909537,2.25242936e-08
0.60581500,2.31587046,1.76939629e-08
0.61283000,2.31274563,1.39126268e-08
0.61992600,2.30971678,1.09432028e-08
0.62710400,2.30678000,8.60397853e-09
0.63436600,2.30393162,6.75528170e-09
0.64171200,2.30116812,5.28945022e-09
0.64914200,2.29848620,4.12326382e-09
0.65665900,2.29588267,3.19221699e-09
0.66426300,2.29335454,2.44617339e-09
0.67195500,2.29089894,1.84605923e-09
0.67973500,2.28851315,1.36134053e-09
0.68760600,2.28619455,9.68093255e-10
0.69556800,2.28394067,6.47522949e-10
0.70362300,2.28174914,3.84826333e-10
0.71177000,2.27961768,1.68313498e-10
0.72001200,2.27754413,1.52693020e-239
0.72835000,2.27552641,9.57369220e-234
0.73678300,2.27356254,4.38062832e-228
0.74531500,2.27165061,1.47353198e-222
0.75394500,2.26978880,3.66982787e-217
0.76267600,2.26797535,6.81428706e-212
0.77150700,2.26620858,9.49816903e-207
0.78044100,2.26448687,1.00044296e-201
0.78947800,2.26280868,8.01492780e-197
0.79861900,2.26117251,4.91494635e-192
0.80786700,2.25957692,2.32136546e-187
0.81722200,2.25802053,8.49582595e-183
0.82668500,2.25650201,2.42368593e-178
0.83625700,2.25502007,5.42085653e-174
0.84594100,2.25357347,9.55949075e-170
0.85573600,2.25216103,1.33651821e-165
0.86564500,2.25078158,1.48946791e-161
0.87566900,2.24943401,1.33012530e-157
0.88580900,2.24811725,9.56743308e-154
0.89606600,2.24683025,5.57089140e-150
0.90644200,2.24557202,2.63885160e-146
0.91693800,2.24434157,1.02176680e-142
0.92755500,2.24313797,3.24917184e-139
0.93829600,2.24196030,8.52448791e-136
0.94916100,2.24080767,1.85346107e-132
0.96015200,2.23967923,3.35442625e-129
0.97127000,2.23857415,5.07491709e-126
0.98251700,2.23749162,6.44509246e-123
0.99389400,2.23643085,6.89907171e-120
1.00540000,2.23539108,6.24948851e-117
1.01704000,2.23437157,4.80929840e-114
1.02882000,2.23337161,3.15612779e-111
1.04073000,2.23239048,1.77287101e-108
1.05279000,2.23142752,8.55512397e-106
1.06498000,2.23048204,3.55912012e-103
1.07731000,2.22955341,1.28094712e-100
1.08978000,2.22864100,4.00186404e-98
1.10240000,2.22774418,1.08886108e-95
1.11517000,2.22686236,2.58860008e-93
1.12808000,2.22599495,5.39399748e-91
1.14114000,2.22514137,9.88209766e-89
1.15436000,2.22430107,1.59657232e-86
1.16772000,2.22347349,2.28143097e-84
1.18124000,2.22265811,2.89170571e-82
1.19492000,2.22185438,3.26023408e-80
1.20876000,2.22106180,3.27856011e-78
1.22276000,2.22027986,2.94863775e-76
1.23692000,2.21950807,2.37794026e-74
1.25124000,2.21874594,1.72398218e-72
1.26573000,2.21799298,1.12642512e-70
1.28038000,2.21724874,6.64920801e-69
1.29521000,2.21651274,3.55444151e-67
1.31021000,2.21578453,1.72471984e-65
1.32538000,2.21506366,7.61377368e-64
1.34073000,2.21434970,3.06465232e-62
1.35625000,2.21364219,1.12721199e-60
1.37196000,2.21294073,3.79659784e-59
1.38784000,2.21224487,1.17340616e-57
1.40391000,2.21155420,3.33461903e-56
1.42017000,2.21086831,8.73066157e-55
1.43661000,2.21018678,2.11003783e-53
1.45325000,2.20950921,4.71623189e-52
1.47008000,2.20883519,9.76703087e-51
1.48710000,2.20816432,1.87747691e-49
1.50432000,2.20749621,3.35579405e-48
1.52174000,2.20683045,5.58690071e-47
1.53936000,2.20616667,8.67821846e-46
1.55718000,2.20550446,1.25975558e-44
1.57522000,2.20484345,1.71172379e-43
1.59346000,2.20418324,2.18048065e-42
1.61191000,2.20352344,2.60798837e-41
1.63057000,2.20286368,2.93320376e-40
1.64945000,2.20220356,3.10667088e-39
1.66855000,2.20154271,3.10301056e-38
1.68787000,2.20088074,2.92691732e-37
1.70742000,2.20021727,2.61076042e-36
1.72719000,2.19955190,2.20510569e-35
1.74719000,2.19888426,1.76587798e-34
1.76742000,2.19821396,1.34248934e-33
1.78789000,2.19754061,9.70101257e-33
1.80859000,2.19686382,6.67120163e-32
1.82953000,2.19618320,4.37103563e-31
1.85072000,2.19549835,2.73186030e-30
1.87215000,2.19480888,1.63047981e-29
1.89383000,2.19411439,9.30320761e-29
1.91575000,2.19341447,5.08015296e-28
1.93794000,2.19270873,2.65768330e-27
1.96038000,2.19199674,1.33338938e-26
1.98308000,2.19127810,6.42203522e-26
2.00604000,2.19055239,2.97217767e-25
2.02927000,2.18981918,1.32305476e-24
2.05277000,2.18907805,5.67004813e-24
2.07654000,2.18832856,2.34151536e-23
2.10058000,2.18757028,9.32598799e-23
2.12491000,2.18680276,3.58556412e-22
2.14951000,2.18602555,1.33184398e-21
2.17440000,2.18523819,4.78346109e-21
2.19958000,2.18444022,1.66255332e-20
2.22505000,2.18363116,5.59624304e-20
2.25082000,2.18281054,1.82574609e-19
2.27688000,2.18197787,5.77742558e-19
2.30324000,2.18113265,1.77459071e-18
2.32991000,2.18027437,5.29473368e-18
2.35689000,2.17940253,1.53559616e-17
2.38418000,2.17851659,4.33206202e-17
2.41179000,2.17761603,1.18956414e-16
2.43972000,2.17670029,3.18156352e-16
2.46797000,2.17576882,8.29335406e-16
2.49655000,2.17482105,2.10827628e-15
2.52546000,2.17385640,5.22994396e-15
2.55470000,2.17287428,1.26676784e-14
2.58428000,2.17187409,2.99764173e-14
2.61421000,2.17085519,6.93412139e-14
2.64448000,2.16981696,1.56881848e-13
2.67510000,2.16875875,3.47342856e-13
2.70608000,2.16767989,7.52970272e-13
2.73741000,2.16657969,1.59902424e-12
2.76911000,2.16545747,3.32819474e-12
2.80117000,2.16431250,6.79285661e-12
2.83361000,2.16314406,1.36017487e-11
2.86642000,2.16195137,2.67324809e-11
2.89961000,2.16073368,5.15922957e-11
2.93319000,2.15949018,9.78195531e-11
2.96715000,2.15822005,1.82285165e-10
3.00151000,2.15692247,3.34000359e-10
3.03627000,2.15559655,6.01995531e-10
3.07142000,2.15424141,1.06774324e-09
3.10699000,2.15285614,1.86440377e-09
3.14297000,2.15143979,3.20612882e-09
3.17936000,2.14999138,5.43192959e-09
3.21618000,2.14850992,9.07026336e-09
3.25342000,2.14699436,1.49325821e-08
3.29109000,2.14544364,2.42466712e-08
3.32920000,2.14385666,3.88437249e-08
3.36775000,2.14223226,6.14167686e-08
3.40675000,2.14056926,9.58722161e-08
3.44620000,2.13886645,1.47800970e-07
3.48610000,2.13712255,2.25100382e-07
3.52647000,2.13533624,3.38783398e-07
3.56730000,2.13350615,5.04016004e-07
3.60861000,2.13163087,7.41428321e-07
3.65040000,2.12970892,1.07874796e-06
3.69266000,2.12773875,1.55280597e-06
3.73542000,2.12571877,2.21196553e-06
3.77868000,2.12364732,3.11902081e-06
3.82243000,2.12152264,4.35460755e-06
3.86669000,2.11934294,6.02115813e-06
3.91147000,2.11710633,8.24742077e-06
3.95676000,2.11481084,1.11935462e-05
4.00258000,2.11245443,1.50567253e-05
4.04893000,2.11003496,2.00773361e-05
4.09581000,2.10755022,2.65455352e-05
4.14324000,2.10499792,3.48081966e-05
4.19121000,2.10237568,4.52760750e-05
4.23975000,2.09968103,5.84310390e-05
4.28884000,2.09691144,7.48331943e-05
4.33850000,2.09406430,9.51276910e-05
4.38874000,2.09113692,1.20050991e-04
4.43956000,2.08812657,1.50436353e-04
4.49097000,2.08503043,1.87218295e-04
4.54297000,2.08184568,2.31435783e-04
4.59558000,2.07856943,2.84233912e-04
4.64879000,2.07519878,3.46863865e-04
4.70262000,2.07173079,4.20680957e-04
4.75707000,2.06816254,5.07140605e-04
4.81216000,2.06449110,6.07792125e-04
4.86788000,2.06071356,7.24270285e-04
4.92425000,2.05682702,8.58284606e-04
4.98127000,2.05282862,1.01160647e-03
