# NIST Wang 2014 RF-sputtered TiO2 (Denton) + Franta-scaled IR extension >1.35 µm; λ[µm], n, k
# wavelength_um,n,k
0.30060000,3.08196000,7.54770000e-01
0.30700000,3.14799000,6.50000000e-01
0.31340000,3.16739000,5.41510000e-01
0.31810000,3.16580000,4.59150000e-01
0.32450000,3.14422000,3.55410000e-01
0.32930000,3.11409000,2.84670000e-01
0.33410000,3.07700000,2.24280000e-01
0.33880000,3.03636000,1.71360000e-01
0.34360000,2.99063000,1.26470000e-01
0.35000000,2.92907000,8.24300000e-02
0.35470000,2.88440000,5.84800000e-02
0.35950000,2.84370000,4.10700000e-02
0.36430000,2.80684000,2.72300000e-02
0.36910000,2.77336000,1.47000000e-02
0.37380000,2.73793000,3.19000000e-03
0.37860000,2.70351000,3.00000000e-05
0.38500000,2.66765000,0.00000000e+00
0.38980000,2.64494000,0.00000000e+00
0.39450000,2.62463000,0.00000000e+00
0.39930000,2.60623000,0.00000000e+00
0.40410000,2.58940000,0.00000000e+00
0.41050000,2.56901000,0.00000000e+00
0.41520000,2.55503000,0.00000000e+00
0.42000000,2.54201000,0.00000000e+00
0.42480000,2.52986000,0.00000000e+00
0.43120000,2.51483000,0.00000000e+00
0.43590000,2.50436000,0.00000000e+00
0.44230000,2.49132000,0.00000000e+00
0.44710000,2.48218000,0.00000000e+00
0.45190000,2.47353000,0.00000000e+00
0.45820000,2.46269000,0.00000000e+00
0.46300000,2.45503000,0.00000000e+00
0.46940000,2.44540000,0.00000000e+00
0.47420000,2.43858000,0.00000000e+00
0.48050000,2.42997000,0.00000000e+00
0.48530000,2.42385000,0.00000000e+00
0.49170000,2.41610000,0.00000000e+00
0.49640000,2.41058000,0.00000000e+00
0.50280000,2.40358000,0.00000000e+00
0.50920000,2.39695000,0.00000000e+00
0.51400000,2.39221000,0.00000000e+00
0.52030000,2.38618000,0.00000000e+00
0.52670000,2.38044000,0.00000000e+00
0.53300000,2.37500000,0.00000000e+00
0.53940000,2.36981000,0.00000000e+00
0.54420000,2.36608000,0.00000000e+00
0.55050000,2.36132000,0.00000000e+00
0.55690000,2.35677000,0.00000000e+00
0.56330000,2.35242000,0.00000000e+00
0.56960000,2.34826000,0.00000000e+00
0.57600000,2.34429000,0.00000000e+00
0.58230000,2.34048000,0.00000000e+00
0.58870000,2.33683000,0.00000000e+00
0.59510000,2.33332000,0.00000000e+00
0.60140000,2.32996000,0.00000000e+00
0.60940000,2.32595000,0.00000000e+00
0.61570000,2.32287000,0.00000000e+00
0.62210000,2.31992000,0.00000000e+00
0.62840000,2.31707000,0.00000000e+00
0.63640000,2.31366000,0.00000000e+00
0.64270000,2.31105000,0.00000000e+00
0.64910000,2.30853000,0.00000000e+00
0.65700000,2.30550000,0.00000000e+00
0.66330000,2.30317000,0.00000000e+00
0.67130000,2.30037000,0.00000000e+00
0.67760000,2.29822000,0.00000000e+00
0.68550000,2.29563000,0.00000000e+00
0.69340000,2.29314000,0.00000000e+00
0.69980000,2.29122000,0.00000000e+00
0.70770000,2.28891000,0.00000000e+00
0.71560000,2.28669000,0.00000000e+00
0.72200000,2.28498000,0.00000000e+00
0.72990000,2.28290000,0.00000000e+00
0.73780000,2.28091000,0.00000000e+00
0.74570000,2.27899000,0.00000000e+00
0.75360000,2.27714000,0.00000000e+00
0.76150000,2.27536000,0.00000000e+00
0.76940000,2.27364000,0.00000000e+00
0.77730000,2.27198000,0.00000000e+00
0.78520000,2.27038000,0.00000000e+00
0.79310000,2.26883000,0.00000000e+00
0.80250000,2.26704000,0.00000000e+00
0.81040000,2.26560000,0.00000000e+00
0.81830000,2.26421000,0.00000000e+00
0.82770000,2.26260000,0.00000000e+00
0.83560000,2.26131000,0.00000000e+00
0.84350000,2.26006000,0.00000000e+00
0.85290000,2.25860000,0.00000000e+00
0.86240000,2.25720000,0.00000000e+00
0.87020000,2.25608000,0.00000000e+00
0.87960000,2.25477000,0.00000000e+00
0.88900000,2.25351000,0.00000000e+00
0.89690000,2.25249000,0.00000000e+00
0.90630000,2.25131000,0.00000000e+00
0.91570000,2.25017000,0.00000000e+00
0.92510000,2.24907000,0.00000000e+00
0.93450000,2.24800000,0.00000000e+00
0.94390000,2.24697000,0.00000000e+00
0.95320000,2.24598000,0.00000000e+00
0.96260000,2.24501000,0.00000000e+00
0.97200000,2.24408000,0.00000000e+00
0.98290000,2.24302000,0.00000000e+00
0.99220000,2.24215000,0.00000000e+00
0.99850000,2.24159000,0.00000000e+00
1.01180000,2.24041000,0.00000000e+00
1.02200000,2.23955000,0.00000000e+00
1.03220000,2.23871000,0.00000000e+00
1.04240000,2.23790000,0.00000000e+00
1.05260000,2.23711000,0.00000000e+00
1.06280000,2.23635000,0.00000000e+00
1.07300000,2.23561000,0.00000000e+00
1.08320000,2.23489000,0.00000000e+00
1.09680000,2.23397000,0.00000000e+00
1.10700000,2.23330000,0.00000000e+00
1.11730000,2.23265000,0.00000000e+00
1.12750000,2.23202000,0.00000000e+00
1.13770000,2.23140000,0.00000000e+00
1.15140000,2.23061000,0.00000000e+00
1.16160000,2.23003000,0.00000000e+00
1.17180000,2.22947000,0.00000000e+00
1.18550000,2.22875000,0.00000000e+00
1.19580000,2.22823000,0.00000000e+00
1.20940000,2.22755000,0.00000000e+00
1.21970000,2.22705000,0.00000000e+00
1.23000000,2.22657000,0.00000000e+00
1.24370000,2.22595000,0.00000000e+00
1.25390000,2.22550000,0.00000000e+00
1.26760000,2.22491000,0.00000000e+00
1.28140000,2.22434000,0.00000000e+00
1.29160000,2.22393000,0.00000000e+00
1.30540000,2.22340000,0.00000000e+00
1.31570000,2.22301000,0.00000000e+00
1.32940000,2.22250000,0.00000000e+00
1.34320000,2.22201000,0.00000000e+00
1.35625000,2.22148408,1.12721199e-60
1.37196000,2.22078012,3.79659784e-59
1.38784000,2.22008180,1.17340616e-57
1.40391000,2.21938869,3.33461903e-56
1.42017000,2.21870037,8.73066157e-55
1.43661000,2.21801642,2.11003783e-53
1.45325000,2.21733645,4.71623189e-52
1.47008000,2.21666004,9.76703087e-51
1.48710000,2.21598679,1.87747691e-49
1.50432000,2.21531631,3.35579405e-48
1.52174000,2.21464820,5.58690071e-47
1.53936000,2.21398207,8.67821846e-46
1.55718000,2.21331752,1.25975558e-44
1.57522000,2.21265416,1.71172379e-43
1.59346000,2.21199161,2.18048065e-42
1.61191000,2.21132948,2.60798837e-41
1.63057000,2.21066738,2.93320376e-40
1.64945000,2.21000492,3.10667088e-39
1.66855000,2.20934173,3.10301056e-38
1.68787000,2.20867741,2.92691732e-37
1.70742000,2.20801159,2.61076042e-36
1.72719000,2.20734387,2.20510569e-35
1.74719000,2.20667386,1.76587798e-34
1.76742000,2.20600119,1.34248934e-33
1.78789000,2.20532545,9.70101257e-33
1.80859000,2.20464626,6.67120163e-32
1.82953000,2.20396323,4.37103563e-31
1.85072000,2.20327596,2.73186030e-30
1.87215000,2.20258405,1.63047981e-29
1.89383000,2.20188709,9.30320761e-29
1.91575000,2.20118470,5.08015296e-28
1.93794000,2.20047645,2.65768330e-27
1.96038000,2.19976194,1.33338938e-26
1.98308000,2.19904076,6.42203522e-26
2.00604000,2.19831247,2.97217767e-25
2.02927000,2.19757667,1.32305476e-24
2.05277000,2.19683291,5.67004813e-24
2.07654000,2.19608077,2.34151536e-23
2.10058000,2.19531980,9.32598799e-23
2.12491000,2.19454956,3.58556412e-22
2.14951000,2.19376960,1.33184398e-21
2.17440000,2.19297945,4.78346109e-21
2.19958000,2.19217865,1.66255332e-20
2.22505000,2.19136673,5.59624304e-20
2.25082000,2.19054320,1.82574609e-19
2.27688000,2.18970758,5.77742558e-19
2.30324000,2.18885936,1.77459071e-18
2.32991000,2.18799805,5.29473368e-18
2.35689000,2.18712311,1.53559616e-17
2.38418000,2.18623404,4.33206202e-17
2.41179000,2.18533028,1.18956414e-16
2.43972000,2.18441130,3.18156352e-16
2.46797000,2.18347653,8.29335406e-16
2.49655000,2.18252541,2.10827628e-15
2.52546000,2.18155734,5.22994396e-15
2.55470000,2.18057174,1.26676784e-14
2.58428000,2.17956800,2.99764173e-14
2.61421000,2.17854550,6.93412139e-14
2.64448000,2.17750359,1.56881848e-13
2.67510000,2.17644163,3.47342856e-13
2.70608000,2.17535894,7.52970272e-13
2.73741000,2.17425485,1.59902424e-12
2.76911000,2.17312866,3.32819474e-12
2.80117000,2.17197963,6.79285661e-12
2.83361000,2.17080705,1.36017487e-11
2.86642000,2.16961014,2.67324809e-11
2.89961000,2.16838813,5.15922957e-11
2.93319000,2.16714022,9.78195531e-11
2.96715000,2.16586560,1.82285165e-10
3.00151000,2.16456342,3.34000359e-10
3.03627000,2.16323280,6.01995531e-10
3.07142000,2.16187287,1.06774324e-09
3.10699000,2.16048269,1.86440377e-09
3.14297000,2.15906132,3.20612882e-09
3.17936000,2.15760778,5.43192959e-09
3.21618000,2.15612107,9.07026336e-09
3.25342000,2.15460014,1.49325821e-08
3.29109000,2.15304393,2.42466712e-08
3.32920000,2.15145132,3.88437249e-08
3.36775000,2.14982117,6.14167686e-08
3.40675000,2.14815228,9.58722161e-08
3.44620000,2.14644344,1.47800970e-07
3.48610000,2.14469336,2.25100382e-07
3.52647000,2.14290072,3.38783398e-07
3.56730000,2.14106415,5.04016004e-07
3.60861000,2.13918222,7.41428321e-07
3.65040000,2.13725346,1.07874796e-06
3.69266000,2.13527632,1.55280597e-06
3.73542000,2.13324918,2.21196553e-06
3.77868000,2.13117039,3.11902081e-06
3.82243000,2.12903819,4.35460755e-06
3.86669000,2.12685077,6.02115813e-06
3.91147000,2.12460623,8.24742077e-06
3.95676000,2.12230261,1.11935462e-05
4.00258000,2.11993785,1.50567253e-05
4.04893000,2.11750981,2.00773361e-05
4.09581000,2.11501627,2.65455352e-05
4.14324000,2.11245493,3.48081966e-05
4.19121000,2.10982340,4.52760750e-05
4.23975000,2.10711920,5.84310390e-05
4.28884000,2.10433980,7.48331943e-05
4.33850000,2.10148257,9.51276910e-05
4.38874000,2.09854482,1.20050991e-04
4.43956000,2.09552380,1.50436353e-04
4.49097000,2.09241670,1.87218295e-04
4.54297000,2.08922067,2.31435783e-04
4.59558000,2.08593281,2.84233912e-04
4.64879000,2.08255022,3.46863865e-04
4.70262000,2.07906995,4.20680957e-04
4.75707000,2.07548906,5.07140605e-04
4.81216000,2.07180461,6.07792125e-04
4.86788000,2.06801369,7.24270285e-04
4.92425000,2.06411338,8.58284606e-04
4.98127000,2.06010081,1.01160647e-03
