wavelength_nm,R_0deg,T_0deg,R_30deg,T_30deg,R_45deg,T_45deg,R_60deg,T_60deg
380.0,0.112299,0.839853,0.103155,0.846099,0.126116,0.820654,0.235335,0.710037
382.0,0.108266,0.843479,0.100110,0.848866,0.124189,0.822413,0.234134,0.711120
384.0,0.104511,0.846833,0.097351,0.851345,0.122499,0.823928,0.233039,0.712086
386.0,0.101031,0.849918,0.094870,0.853547,0.121031,0.825215,0.232040,0.712946
388.0,0.097823,0.852738,0.092657,0.855482,0.119773,0.826285,0.231127,0.713711
390.0,0.094880,0.855296,0.090701,0.857158,0.118712,0.827151,0.230291,0.714388
392.0,0.092199,0.857598,0.088992,0.858587,0.117837,0.827825,0.229524,0.714989
394.0,0.089772,0.859651,0.087520,0.859778,0.117135,0.828321,0.228816,0.715521
396.0,0.087593,0.861459,0.086274,0.860743,0.116593,0.828648,0.228159,0.715992
398.0,0.085655,0.863032,0.085242,0.861492,0.116202,0.828820,0.227547,0.716410
400.0,0.083949,0.864375,0.084414,0.862036,0.115948,0.828846,0.226972,0.716782
402.0,0.082468,0.865498,0.083779,0.862385,0.115822,0.828738,0.226427,0.717114
404.0,0.081202,0.866407,0.083325,0.862550,0.115812,0.828506,0.225905,0.717412
406.0,0.080144,0.867112,0.083042,0.862542,0.115908,0.828160,0.225400,0.717683
408.0,0.079283,0.867622,0.082918,0.862372,0.116100,0.827710,0.224906,0.717932
410.0,0.078610,0.867944,0.082943,0.862049,0.116379,0.827165,0.224419,0.718164
412.0,0.078117,0.868088,0.083106,0.861584,0.116735,0.826534,0.223931,0.718383
414.0,0.077793,0.868064,0.083396,0.860987,0.117159,0.825825,0.223440,0.718595
416.0,0.077628,0.867880,0.083804,0.860268,0.117642,0.825047,0.222938,0.718803
418.0,0.077614,0.867545,0.084319,0.859436,0.118176,0.824208,0.222424,0.719011
420.0,0.077740,0.867068,0.084932,0.858501,0.118753,0.823316,0.221891,0.719223
422.0,0.077998,0.866458,0.085632,0.857471,0.119365,0.822377,0.221336,0.719442
424.0,0.078377,0.865725,0.086410,0.856355,0.120004,0.821399,0.220755,0.719671
426.0,0.078868,0.864876,0.087258,0.855162,0.120664,0.820387,0.220145,0.719912
428.0,0.079462,0.863921,0.088166,0.853900,0.121337,0.819349,0.219503,0.720169
430.0,0.080150,0.862868,0.089127,0.852577,0.122018,0.818291,0.218825,0.720444
432.0,0.080923,0.861724,0.090131,0.851200,0.122698,0.817217,0.218109,0.720738
434.0,0.081772,0.860499,0.091171,0.849778,0.123374,0.816134,0.217353,0.721054
436.0,0.082690,0.859200,0.092239,0.848316,0.124038,0.815047,0.216553,0.721393
438.0,0.083667,0.857834,0.093328,0.846822,0.124686,0.813959,0.215708,0.721756
440.0,0.084695,0.856409,0.094431,0.845302,0.125312,0.812877,0.214816,0.722145
442.0,0.085767,0.854932,0.095540,0.843762,0.125912,0.811804,0.213875,0.722560
444.0,0.086876,0.853411,0.096650,0.842209,0.126480,0.810743,0.212883,0.723002
446.0,0.088012,0.851851,0.097754,0.840647,0.127012,0.809700,0.211841,0.723472
448.0,0.089171,0.850259,0.098845,0.839083,0.127505,0.808677,0.210745,0.723970
450.0,0.090344,0.848642,0.099919,0.837521,0.127953,0.807677,0.209596,0.724495
452.0,0.091525,0.847005,0.100970,0.835965,0.128355,0.806704,0.208393,0.725049
454.0,0.092708,0.845353,0.101992,0.834421,0.128705,0.805760,0.207135,0.725630
456.0,0.093886,0.843693,0.102981,0.832893,0.129002,0.804847,0.205822,0.726239
458.0,0.095054,0.842030,0.103932,0.831384,0.129241,0.803969,0.204454,0.726874
460.0,0.096206,0.840368,0.104840,0.829899,0.129420,0.803127,0.203030,0.727536
462.0,0.097337,0.838712,0.105702,0.828441,0.129537,0.802323,0.201552,0.728222
464.0,0.098441,0.837067,0.106513,0.827013,0.129589,0.801558,0.200019,0.728931
466.0,0.099513,0.835437,0.107270,0.825618,0.129575,0.800834,0.198433,0.729664
468.0,0.100549,0.833825,0.107969,0.824259,0.129491,0.800153,0.196793,0.730417
470.0,0.101545,0.832236,0.108607,0.822939,0.129337,0.799515,0.195100,0.731190
472.0,0.102495,0.830672,0.109180,0.821659,0.129111,0.798920,0.193356,0.731981
474.0,0.103397,0.829138,0.109687,0.820422,0.128812,0.798371,0.191562,0.732787
476.0,0.104247,0.827636,0.110125,0.819230,0.128438,0.797866,0.189719,0.733608
478.0,0.105040,0.826169,0.110491,0.818084,0.127988,0.797407,0.187829,0.734441
480.0,0.105774,0.824739,0.110782,0.816986,0.127463,0.796994,0.185892,0.735283
482.0,0.106445,0.823349,0.110998,0.815938,0.126860,0.796625,0.183911,0.736133
484.0,0.107050,0.822002,0.111136,0.814939,0.126181,0.796302,0.181887,0.736988
486.0,0.107588,0.820698,0.111194,0.813992,0.125424,0.796023,0.179823,0.737845
488.0,0.108055,0.819440,0.111172,0.813096,0.124589,0.795787,0.177720,0.738702
490.0,0.108449,0.818230,0.111069,0.812252,0.123678,0.795595,0.175581,0.739555
492.0,0.108768,0.817068,0.110882,0.811461,0.122690,0.795445,0.173407,0.740403
494.0,0.109010,0.815956,0.110612,0.810722,0.121626,0.795335,0.171202,0.741243
496.0,0.109174,0.814895,0.110258,0.810035,0.120486,0.795265,0.168967,0.742070
498.0,0.109258,0.813885,0.109820,0.809401,0.119272,0.795232,0.166706,0.742882
500.0,0.109260,0.812928,0.109297,0.808818,0.117984,0.795236,0.164420,0.743677
502.0,0.109180,0.812023,0.108689,0.808286,0.116625,0.795274,0.162113,0.744450
504.0,0.109017,0.811170,0.107997,0.807804,0.115195,0.795344,0.159787,0.745199
506.0,0.108770,0.810371,0.107222,0.807371,0.113696,0.795444,0.157446,0.745919
508.0,0.108438,0.809624,0.106362,0.806986,0.112130,0.795571,0.155092,0.746608
510.0,0.108021,0.808929,0.105421,0.806648,0.110500,0.795724,0.152728,0.747263
512.0,0.107520,0.808286,0.104398,0.806354,0.108806,0.795899,0.150358,0.747879
514.0,0.106933,0.807694,0.103294,0.806103,0.107053,0.796093,0.147986,0.748453
516.0,0.106262,0.807152,0.102112,0.805894,0.105243,0.796304,0.145614,0.748981
518.0,0.105506,0.806659,0.100853,0.805723,0.103378,0.796527,0.143245,0.749460
520.0,0.104667,0.806214,0.099518,0.805590,0.101463,0.796760,0.140885,0.749886
522.0,0.103745,0.805815,0.098110,0.805490,0.099499,0.797000,0.138536,0.750255
524.0,0.102741,0.805462,0.096630,0.805422,0.097491,0.797241,0.136202,0.750563
526.0,0.101656,0.805151,0.095083,0.805384,0.095443,0.797481,0.133887,0.750807
528.0,0.100492,0.804882,0.093469,0.805370,0.093359,0.797715,0.131596,0.750982
530.0,0.099251,0.804652,0.091792,0.805380,0.091243,0.797940,0.129332,0.751084
532.0,0.097934,0.804458,0.090056,0.805408,0.089099,0.798150,0.127100,0.751109
534.0,0.096543,0.804299,0.088263,0.805453,0.086932,0.798341,0.124906,0.751054
536.0,0.095080,0.804172,0.086417,0.805509,0.084748,0.798508,0.122752,0.750914
538.0,0.093549,0.804073,0.084523,0.805573,0.082551,0.798647,0.120645,0.750684
540.0,0.091952,0.804001,0.082583,0.805642,0.080347,0.798752,0.118590,0.750361
542.0,0.090291,0.803951,0.080603,0.805710,0.078141,0.798819,0.116592,0.749940
544.0,0.088569,0.803920,0.078588,0.805773,0.075941,0.798841,0.114656,0.749417
546.0,0.086792,0.803906,0.076541,0.805826,0.073751,0.798814,0.112789,0.748787
548.0,0.084960,0.803903,0.074469,0.805866,0.071579,0.798732,0.110996,0.748046
550.0,0.083080,0.803909,0.072375,0.805887,0.069430,0.798589,0.109285,0.747190
552.0,0.081154,0.803920,0.070267,0.805883,0.067313,0.798380,0.107660,0.746213
554.0,0.079187,0.803930,0.068150,0.805850,0.065234,0.798098,0.106130,0.745111
556.0,0.077183,0.803936,0.066029,0.805783,0.063200,0.797738,0.104702,0.743879
558.0,0.075148,0.803933,0.063912,0.805675,0.061219,0.797293,0.103382,0.742514
560.0,0.073086,0.803917,0.061804,0.805521,0.059299,0.796758,0.102179,0.741009
562.0,0.071003,0.803882,0.059713,0.805316,0.057448,0.796125,0.101101,0.739361
564.0,0.068904,0.803824,0.057646,0.805053,0.055675,0.795390,0.100155,0.737564
566.0,0.066795,0.803737,0.055609,0.804727,0.053986,0.794546,0.099351,0.735614
568.0,0.064682,0.803616,0.053610,0.804331,0.052392,0.793586,0.098697,0.733507
570.0,0.062571,0.803456,0.051656,0.803859,0.050900,0.792505,0.098202,0.731238
572.0,0.060469,0.803252,0.049756,0.803306,0.049520,0.791296,0.097875,0.728802
574.0,0.058382,0.802997,0.047918,0.802665,0.048259,0.789954,0.097725,0.726196
576.0,0.056317,0.802685,0.046149,0.801930,0.047128,0.788472,0.097762,0.723415
578.0,0.054281,0.802312,0.044458,0.801095,0.046135,0.786844,0.097996,0.720455
580.0,0.052282,0.801871,0.042853,0.800152,0.045288,0.785066,0.098434,0.717314
582.0,0.050327,0.801355,0.041342,0.799098,0.044597,0.783131,0.099088,0.713986
584.0,0.048423,0.800760,0.039934,0.797924,0.044071,0.781034,0.099966,0.710470
586.0,0.046579,0.800079,0.038638,0.796625,0.043718,0.778770,0.101077,0.706763
588.0,0.044803,0.799306,0.037462,0.795196,0.043547,0.776335,0.102430,0.702863
590.0,0.043102,0.798434,0.036415,0.793631,0.043566,0.773723,0.104033,0.698767
592.0,0.041484,0.797458,0.035505,0.791923,0.043784,0.770932,0.105894,0.694474
594.0,0.039959,0.796373,0.034741,0.790068,0.044207,0.767956,0.108021,0.689985
596.0,0.038534,0.795171,0.034130,0.788060,0.044844,0.764794,0.110419,0.685297
598.0,0.037218,0.793847,0.033682,0.785894,0.045702,0.761440,0.113096,0.680413
600.0,0.036018,0.792395,0.033403,0.783567,0.046788,0.757895,0.116057,0.675332
602.0,0.034944,0.790810,0.033303,0.781072,0.048107,0.754154,0.119305,0.670057
604.0,0.034004,0.789086,0.033388,0.778407,0.049667,0.750217,0.122844,0.664589
606.0,0.033205,0.787218,0.033666,0.775567,0.051471,0.746082,0.126677,0.658933
608.0,0.032557,0.785201,0.034144,0.772549,0.053524,0.741750,0.130805,0.653091
610.0,0.032066,0.783030,0.034828,0.769350,0.055831,0.737220,0.135227,0.647068
612.0,0.031742,0.780700,0.035725,0.765968,0.058396,0.732493,0.139943,0.640869
614.0,0.031591,0.778208,0.036840,0.762400,0.061219,0.727569,0.144950,0.634500
616.0,0.031620,0.775549,0.038179,0.758645,0.064304,0.722452,0.150246,0.627967
618.0,0.031838,0.772720,0.039746,0.754701,0.067652,0.717142,0.155825,0.621278
620.0,0.032250,0.769717,0.041546,0.750568,0.071263,0.711644,0.161681,0.614439
622.0,0.032863,0.766537,0.043582,0.746246,0.075137,0.705960,0.167807,0.607460
624.0,0.033684,0.763179,0.045859,0.741734,0.079273,0.700095,0.174195,0.600349
626.0,0.034718,0.759639,0.048377,0.737034,0.083668,0.694054,0.180836,0.593115
628.0,0.035969,0.755916,0.051140,0.732147,0.088319,0.687841,0.187720,0.585767
630.0,0.037444,0.752009,0.054149,0.727075,0.093225,0.681462,0.194835,0.578317
632.0,0.039145,0.747918,0.057403,0.721819,0.098379,0.674923,0.202168,0.570773
634.0,0.041078,0.743641,0.060905,0.716384,0.103777,0.668232,0.209709,0.563146
636.0,0.043244,0.739179,0.064651,0.710772,0.109414,0.661394,0.217441,0.555447
638.0,0.045648,0.734533,0.068643,0.704986,0.115282,0.654419,0.225353,0.547687
640.0,0.048290,0.729704,0.072877,0.699032,0.121376,0.647312,0.233429,0.539876
642.0,0.051172,0.724693,0.077350,0.692915,0.127686,0.640083,0.241655,0.532024
644.0,0.054296,0.719503,0.082061,0.686638,0.134204,0.632740,0.250016,0.524142
646.0,0.057661,0.714137,0.087004,0.680209,0.140923,0.625291,0.258496,0.516241
648.0,0.061267,0.708597,0.092176,0.673632,0.147832,0.617745,0.267080,0.508330
650.0,0.065113,0.702887,0.097571,0.666915,0.154923,0.610112,0.275755,0.500420
652.0,0.069197,0.697011,0.103184,0.660064,0.162184,0.602399,0.284504,0.492519
654.0,0.073517,0.690974,0.109009,0.653086,0.169606,0.594617,0.293313,0.484638
656.0,0.078071,0.684780,0.115039,0.645988,0.177177,0.586774,0.302169,0.476784
658.0,0.082855,0.678435,0.121267,0.638778,0.184888,0.578880,0.311057,0.468966
660.0,0.087864,0.671944,0.127685,0.631463,0.192728,0.570943,0.319964,0.461193
662.0,0.093095,0.665314,0.134286,0.624051,0.200684,0.562972,0.328878,0.453471
664.0,0.098542,0.658550,0.141062,0.616551,0.208747,0.554976,0.337786,0.445808
666.0,0.104199,0.651660,0.148003,0.608971,0.216906,0.546964,0.346677,0.438210
668.0,0.110061,0.644651,0.155102,0.601318,0.225148,0.538944,0.355539,0.430684
670.0,0.116121,0.637528,0.162349,0.593601,0.233465,0.530923,0.364363,0.423234
672.0,0.122372,0.630301,0.169735,0.585828,0.241845,0.522911,0.373139,0.415866
674.0,0.128807,0.622976,0.177250,0.578007,0.250277,0.514914,0.381858,0.408585
676.0,0.135417,0.615561,0.184886,0.570146,0.258752,0.506940,0.390512,0.401395
678.0,0.142196,0.608064,0.192633,0.562254,0.267260,0.498996,0.399093,0.394299
680.0,0.149134,0.600492,0.200481,0.554338,0.275791,0.491088,0.407593,0.387301
682.0,0.156224,0.592854,0.208421,0.546406,0.284336,0.483223,0.416008,0.380404
684.0,0.163457,0.585158,0.216443,0.538465,0.292885,0.475407,0.424330,0.373611
686.0,0.170823,0.577410,0.224538,0.530523,0.301431,0.467645,0.432555,0.366923
688.0,0.178314,0.569621,0.232697,0.522587,0.309965,0.459944,0.440678,0.360342
690.0,0.185920,0.561796,0.240911,0.514664,0.318479,0.452307,0.448696,0.353870
692.0,0.193633,0.553943,0.249171,0.506761,0.326967,0.444739,0.456604,0.347507
694.0,0.201444,0.546072,0.257468,0.498884,0.335420,0.437245,0.464399,0.341255
696.0,0.209343,0.538187,0.265793,0.491039,0.343832,0.429829,0.472080,0.335114
698.0,0.217321,0.530298,0.274139,0.483232,0.352198,0.422494,0.479644,0.329085
700.0,0.225370,0.522411,0.282498,0.475469,0.360511,0.415244,0.487089,0.323167
702.0,0.233481,0.514533,0.290861,0.467756,0.368765,0.408081,0.494413,0.317360
704.0,0.241644,0.506670,0.299221,0.460096,0.376957,0.401008,0.501617,0.311664
706.0,0.249851,0.498830,0.307572,0.452496,0.385080,0.394028,0.508698,0.306078
708.0,0.258095,0.491017,0.315906,0.444959,0.393131,0.387142,0.515658,0.300602
710.0,0.266366,0.483239,0.324216,0.437490,0.401106,0.380353,0.522495,0.295234
712.0,0.274657,0.475500,0.332498,0.430092,0.409002,0.373662,0.529210,0.289974
714.0,0.282960,0.467807,0.340744,0.422769,0.416814,0.367070,0.535803,0.284820
716.0,0.291268,0.460164,0.348949,0.415524,0.424541,0.360578,0.542275,0.279772
718.0,0.299573,0.452576,0.357108,0.408361,0.432178,0.354188,0.548626,0.274828
720.0,0.307869,0.445047,0.365215,0.401282,0.439725,0.347900,0.554858,0.269986
722.0,0.316149,0.437583,0.373268,0.394290,0.447179,0.341714,0.560971,0.265244
724.0,0.324406,0.430187,0.381259,0.387387,0.454538,0.335631,0.566967,0.260603
726.0,0.332636,0.422862,0.389187,0.380575,0.461801,0.329650,0.572848,0.256059
728.0,0.340831,0.415612,0.397047,0.373855,0.468966,0.323773,0.578614,0.251611
730.0,0.348986,0.408441,0.404835,0.367230,0.476033,0.317997,0.584267,0.247257
732.0,0.357097,0.401351,0.412549,0.360700,0.482999,0.312324,0.589808,0.242997
734.0,0.365158,0.394345,0.420186,0.354267,0.489866,0.306753,0.595240,0.238827
736.0,0.373165,0.387425,0.427742,0.347932,0.496632,0.301282,0.600565,0.234747
738.0,0.381113,0.380594,0.435216,0.341695,0.503297,0.295912,0.605783,0.230753
740.0,0.389000,0.373853,0.442606,0.335556,0.509861,0.290642,0.610896,0.226846
742.0,0.396820,0.367204,0.449909,0.329518,0.516324,0.285470,0.615907,0.223023
744.0,0.404570,0.360649,0.457123,0.323578,0.522685,0.280396,0.620818,0.219282
746.0,0.412249,0.354189,0.464248,0.317738,0.528946,0.275419,0.625630,0.215621
748.0,0.419851,0.347825,0.471282,0.311998,0.535107,0.270537,0.630345,0.212039
750.0,0.427375,0.341558,0.478224,0.306357,0.541168,0.265750,0.634964,0.208534
752.0,0.434819,0.335388,0.485073,0.300814,0.547129,0.261056,0.639491,0.205104
754.0,0.442180,0.329316,0.491828,0.295371,0.552992,0.256454,0.643927,0.201748
756.0,0.449456,0.323343,0.498488,0.290025,0.558758,0.251943,0.648273,0.198463
758.0,0.456646,0.317469,0.505054,0.284777,0.564426,0.247521,0.652532,0.195249
760.0,0.463748,0.311693,0.511525,0.279625,0.569999,0.243187,0.656705,0.192104
762.0,0.470761,0.306016,0.517901,0.274569,0.575476,0.238940,0.660794,0.189026
764.0,0.477683,0.300437,0.524182,0.269608,0.580860,0.234777,0.664802,0.186013
766.0,0.484514,0.294956,0.530368,0.264740,0.586151,0.230699,0.668729,0.183065
768.0,0.491253,0.289574,0.536459,0.259966,0.591350,0.226703,0.672577,0.180178
770.0,0.497899,0.284288,0.542455,0.255284,0.596459,0.222788,0.676349,0.177353
772.0,0.504452,0.279098,0.548358,0.250692,0.601478,0.218952,0.680046,0.174588
774.0,0.510911,0.274005,0.554167,0.246190,0.606409,0.215194,0.683669,0.171880
776.0,0.517277,0.269007,0.559882,0.241776,0.611253,0.211513,0.687221,0.169230
778.0,0.523549,0.264102,0.565506,0.237449,0.616012,0.207907,0.690703,0.166635
780.0,0.529727,0.259291,0.571038,0.233208,0.620686,0.204375,0.694116,0.164093
782.0,0.535811,0.254572,0.576479,0.229052,0.625278,0.200915,0.697462,0.161605
784.0,0.541802,0.249944,0.581830,0.224979,0.629787,0.197526,0.700743,0.159168
786.0,0.547701,0.245406,0.587093,0.220987,0.634217,0.194206,0.703959,0.156782
788.0,0.553506,0.240957,0.592267,0.217077,0.638567,0.190954,0.707114,0.154444
790.0,0.559220,0.236595,0.597354,0.213245,0.642839,0.187769,0.710207,0.152155
792.0,0.564842,0.232320,0.602354,0.209491,0.647035,0.184650,0.713241,0.149912
794.0,0.570374,0.228130,0.607270,0.205814,0.651156,0.181594,0.716216,0.147715
796.0,0.575815,0.224024,0.612102,0.202212,0.655204,0.178601,0.719134,0.145562
798.0,0.581168,0.220001,0.616851,0.198683,0.659178,0.175669,0.721997,0.143453
800.0,0.586432,0.216058,0.621518,0.195227,0.663082,0.172797,0.724805,0.141386
802.0,0.591609,0.212196,0.626105,0.191842,0.666916,0.169984,0.727560,0.139360
804.0,0.596699,0.208412,0.630612,0.188526,0.670681,0.167228,0.730264,0.137375
806.0,0.601704,0.204706,0.635041,0.185279,0.674379,0.164529,0.732916,0.135430
808.0,0.606624,0.201075,0.639392,0.182098,0.678010,0.161884,0.735519,0.133523
810.0,0.611461,0.197519,0.643668,0.178984,0.681577,0.159294,0.738074,0.131653
812.0,0.616216,0.194036,0.647870,0.175933,0.685080,0.156756,0.740581,0.129820
814.0,0.620889,0.190624,0.651997,0.172945,0.688521,0.154269,0.743043,0.128023
816.0,0.625482,0.187283,0.656053,0.170019,0.691900,0.151833,0.745458,0.126261
818.0,0.629996,0.184012,0.660037,0.167154,0.695220,0.149447,0.747830,0.124533
820.0,0.634432,0.180808,0.663952,0.164347,0.698480,0.147108,0.750159,0.122838
822.0,0.638791,0.177670,0.667797,0.161599,0.701683,0.144816,0.752445,0.121176
824.0,0.643075,0.174597,0.671576,0.158907,0.704830,0.142571,0.754690,0.119546
826.0,0.647284,0.171588,0.675288,0.156270,0.707920,0.140371,0.756895,0.117947
828.0,0.651420,0.168642,0.678934,0.153688,0.710957,0.138214,0.759061,0.116378
830.0,0.655484,0.165757,0.682517,0.151159,0.713940,0.136101,0.761188,0.114838
832.0,0.659477,0.162932,0.686037,0.148682,0.716870,0.134030,0.763277,0.113328
834.0,0.663401,0.160165,0.689495,0.146256,0.719750,0.131999,0.765329,0.111846
836.0,0.667256,0.157456,0.692892,0.143880,0.722579,0.130010,0.767346,0.110391
838.0,0.671043,0.154803,0.696230,0.141552,0.725359,0.128059,0.769327,0.108964
840.0,0.674764,0.152205,0.699510,0.139272,0.728091,0.126147,0.771274,0.107562
842.0,0.678420,0.149661,0.702732,0.137038,0.730775,0.124272,0.773187,0.106187
844.0,0.682013,0.147170,0.705898,0.134850,0.733414,0.122435,0.775067,0.104836
846.0,0.685542,0.144730,0.709009,0.132706,0.736006,0.120633,0.776915,0.103511
848.0,0.689010,0.142340,0.712066,0.130606,0.738555,0.118866,0.778731,0.102209
850.0,0.692417,0.140000,0.715069,0.128549,0.741059,0.117134,0.780517,0.100931
852.0,0.695765,0.137709,0.718021,0.126533,0.743521,0.115435,0.782272,0.099675
854.0,0.699054,0.135464,0.720921,0.124557,0.745941,0.113769,0.783998,0.098443
856.0,0.702286,0.133265,0.723772,0.122622,0.748320,0.112135,0.785695,0.097232
858.0,0.705462,0.131112,0.726573,0.120725,0.750659,0.110532,0.787364,0.096042
860.0,0.708583,0.129003,0.729326,0.118866,0.752958,0.108960,0.789005,0.094874
862.0,0.711650,0.126937,0.732032,0.117045,0.755219,0.107418,0.790618,0.093726
864.0,0.714663,0.124913,0.734691,0.115259,0.757442,0.105905,0.792206,0.092598
866.0,0.717625,0.122930,0.737306,0.113510,0.759628,0.104421,0.793767,0.091490
868.0,0.720535,0.120987,0.739875,0.111794,0.761778,0.102965,0.795303,0.090401
870.0,0.723395,0.119084,0.742401,0.110113,0.763892,0.101536,0.796814,0.089331
872.0,0.726206,0.117220,0.744884,0.108465,0.765970,0.100135,0.798301,0.088279
874.0,0.728969,0.115393,0.747325,0.106849,0.768015,0.098759,0.799764,0.087245
876.0,0.731684,0.113602,0.749725,0.105265,0.770027,0.097409,0.801203,0.086229
878.0,0.734354,0.111848,0.752085,0.103712,0.772005,0.096084,0.802620,0.085230
880.0,0.736977,0.110129,0.754405,0.102190,0.773951,0.094783,0.804014,0.084247
882.0,0.739556,0.108444,0.756686,0.100697,0.775866,0.093507,0.805386,0.083282
884.0,0.742092,0.106793,0.758930,0.099232,0.777749,0.092254,0.806737,0.082332
886.0,0.744584,0.105175,0.761136,0.097796,0.779603,0.091024,0.808066,0.081398
888.0,0.747035,0.103588,0.763305,0.096388,0.781426,0.089816,0.809375,0.080480
890.0,0.749444,0.102033,0.765439,0.095007,0.783221,0.088630,0.810664,0.079577
892.0,0.751813,0.100509,0.767538,0.093652,0.784987,0.087466,0.811933,0.078689
894.0,0.754142,0.099015,0.769602,0.092323,0.786725,0.086322,0.813182,0.077815
896.0,0.756433,0.097550,0.771632,0.091019,0.788435,0.085200,0.814412,0.076955
898.0,0.758685,0.096113,0.773630,0.089740,0.790118,0.084097,0.815624,0.076109
900.0,0.760900,0.094704,0.775595,0.088485,0.791776,0.083014,0.816817,0.075277
902.0,0.763078,0.093323,0.777528,0.087253,0.793407,0.081950,0.817992,0.074459
904.0,0.765221,0.091969,0.779430,0.086045,0.795012,0.080905,0.819150,0.073653
906.0,0.767329,0.090640,0.781302,0.084859,0.796593,0.079879,0.820290,0.072861
908.0,0.769401,0.089337,0.783143,0.083696,0.798150,0.078870,0.821414,0.072080
910.0,0.771441,0.088060,0.784955,0.082554,0.799682,0.077879,0.822520,0.071312
912.0,0.773447,0.086806,0.786739,0.081433,0.801191,0.076906,0.823611,0.070557
914.0,0.775420,0.085576,0.788494,0.080333,0.802677,0.075949,0.824685,0.069813
916.0,0.777362,0.084370,0.790221,0.079252,0.804141,0.075009,0.825744,0.069080
918.0,0.779272,0.083187,0.791921,0.078192,0.805582,0.074085,0.826788,0.068359
920.0,0.781152,0.082025,0.793595,0.077151,0.807001,0.073177,0.827816,0.067649
922.0,0.783002,0.080886,0.795243,0.076129,0.808399,0.072285,0.828830,0.066950
924.0,0.784822,0.079768,0.796864,0.075125,0.809777,0.071408,0.829828,0.066262
926.0,0.786614,0.078670,0.798461,0.074140,0.811133,0.070545,0.830813,0.065584
928.0,0.788377,0.077594,0.800033,0.073172,0.812470,0.069697,0.831784,0.064917
930.0,0.790112,0.076537,0.801581,0.072222,0.813787,0.068864,0.832741,0.064259
932.0,0.791820,0.075499,0.803106,0.071288,0.815084,0.068044,0.833684,0.063612
934.0,0.793502,0.074481,0.804607,0.070371,0.816362,0.067239,0.834614,0.062974
936.0,0.795157,0.073481,0.806085,0.069470,0.817622,0.066446,0.835532,0.062346
938.0,0.796787,0.072499,0.807541,0.068585,0.818863,0.065667,0.836436,0.061727
940.0,0.798391,0.071536,0.808975,0.067716,0.820086,0.064901,0.837328,0.061117
942.0,0.799971,0.070589,0.810387,0.066862,0.821292,0.064147,0.838207,0.060516
944.0,0.801527,0.069660,0.811778,0.066023,0.822480,0.063405,0.839075,0.059924
946.0,0.803058,0.068748,0.813148,0.065198,0.823651,0.062676,0.839930,0.059340
948.0,0.804567,0.067852,0.814499,0.064388,0.824806,0.061959,0.840774,0.058766
950.0,0.806052,0.066972,0.815829,0.063591,0.825944,0.061253,0.841607,0.058199
952.0,0.807516,0.066107,0.817139,0.062809,0.827066,0.060559,0.842428,0.057641
954.0,0.808957,0.065258,0.818431,0.062039,0.828172,0.059875,0.843238,0.057090
956.0,0.810376,0.064424,0.819703,0.061283,0.829262,0.059203,0.844037,0.056548
958.0,0.811775,0.063604,0.820957,0.060540,0.830338,0.058542,0.844825,0.056013
960.0,0.813152,0.062799,0.822193,0.059809,0.831398,0.057891,0.845603,0.055486
962.0,0.814510,0.062008,0.823411,0.059090,0.832443,0.057250,0.846371,0.054966
964.0,0.815847,0.061231,0.824611,0.058384,0.833475,0.056619,0.847129,0.054453
966.0,0.817164,0.060467,0.825794,0.057689,0.834491,0.055999,0.847876,0.053948
968.0,0.818463,0.059716,0.826960,0.057006,0.835494,0.055388,0.848614,0.053450
970.0,0.819742,0.058978,0.828110,0.056334,0.836484,0.054786,0.849342,0.052959
972.0,0.821003,0.058253,0.829243,0.055674,0.837459,0.054194,0.850061,0.052474
974.0,0.822245,0.057540,0.830361,0.055024,0.838422,0.053611,0.850770,0.051996
976.0,0.823470,0.056840,0.831463,0.054385,0.839371,0.053037,0.851470,0.051525
978.0,0.824677,0.056151,0.832549,0.053756,0.840308,0.052472,0.852162,0.051060
980.0,0.825867,0.055474,0.833620,0.053138,0.841232,0.051915,0.852844,0.050602
982.0,0.827040,0.054808,0.834676,0.052529,0.842144,0.051367,0.853518,0.050150
984.0,0.828196,0.054153,0.835718,0.051931,0.843044,0.050828,0.854183,0.049703
986.0,0.829336,0.053509,0.836746,0.051342,0.843932,0.050296,0.854839,0.049263
988.0,0.830460,0.052876,0.837759,0.050762,0.844808,0.049773,0.855488,0.048829
990.0,0.831568,0.052254,0.838758,0.050192,0.845672,0.049257,0.856128,0.048401
992.0,0.832661,0.051641,0.839744,0.049631,0.846526,0.048749,0.856760,0.047978
994.0,0.833739,0.051039,0.840717,0.049078,0.847368,0.048249,0.857384,0.047561
996.0,0.834802,0.050446,0.841676,0.048535,0.848199,0.047756,0.858001,0.047149
998.0,0.835850,0.049864,0.842622,0.048000,0.849019,0.047270,0.858609,0.046743
1000.0,0.836884,0.049290,0.843556,0.047473,0.849829,0.046791,0.859211,0.046342
1002.0,0.837903,0.048726,0.844478,0.046955,0.850629,0.046320,0.859805,0.045946
1004.0,0.838909,0.048171,0.845387,0.046444,0.851418,0.045855,0.860391,0.045555
1006.0,0.839901,0.047625,0.846284,0.045942,0.852197,0.045397,0.860971,0.045170
1008.0,0.840880,0.047088,0.847169,0.045447,0.852966,0.044946,0.861543,0.044789
1010.0,0.841845,0.046559,0.848043,0.044960,0.853726,0.044501,0.862109,0.044414
1012.0,0.842798,0.046038,0.848905,0.044480,0.854475,0.044063,0.862667,0.044043
1014.0,0.843738,0.045526,0.849756,0.044008,0.855216,0.043631,0.863219,0.043677
1016.0,0.844666,0.045022,0.850596,0.043542,0.855947,0.043205,0.863764,0.043315
1018.0,0.845581,0.044526,0.851425,0.043084,0.856669,0.042785,0.864303,0.042958
1020.0,0.846484,0.044037,0.852243,0.042633,0.857382,0.042371,0.864835,0.042606
1022.0,0.847376,0.043556,0.853051,0.042188,0.858087,0.041963,0.865361,0.042258
1024.0,0.848255,0.043083,0.853849,0.041751,0.858782,0.041561,0.865881,0.041914
1026.0,0.849124,0.042616,0.854637,0.041319,0.859469,0.041164,0.866395,0.041575
1028.0,0.849981,0.042157,0.855414,0.040894,0.860148,0.040773,0.866902,0.041240
1030.0,0.850827,0.041705,0.856182,0.040476,0.860818,0.040387,0.867404,0.040909
1032.0,0.851662,0.041260,0.856940,0.040063,0.861481,0.040007,0.867899,0.040582
1034.0,0.852486,0.040822,0.857688,0.039657,0.862135,0.039631,0.868389,0.040259
1036.0,0.853300,0.040390,0.858428,0.039256,0.862781,0.039262,0.868874,0.039940
1038.0,0.854104,0.039965,0.859158,0.038861,0.863420,0.038897,0.869352,0.039625
1040.0,0.854897,0.039546,0.859879,0.038472,0.864051,0.038537,0.869825,0.039313
1042.0,0.855681,0.039134,0.860591,0.038089,0.864674,0.038182,0.870293,0.039006
1044.0,0.856454,0.038727,0.861294,0.037711,0.865290,0.037831,0.870755,0.038702
1046.0,0.857218,0.038327,0.861989,0.037339,0.865899,0.037486,0.871212,0.038402
1048.0,0.857973,0.037932,0.862675,0.036972,0.866500,0.037145,0.871664,0.038105
1050.0,0.858718,0.037544,0.863353,0.036610,0.867095,0.036809,0.872110,0.037812
1052.0,0.859454,0.037161,0.864023,0.036253,0.867682,0.036477,0.872552,0.037522
1054.0,0.860181,0.036784,0.864685,0.035901,0.868263,0.036150,0.872988,0.037236
1056.0,0.860899,0.036412,0.865339,0.035555,0.868837,0.035827,0.873420,0.036953
1058.0,0.861608,0.036045,0.865985,0.035213,0.869404,0.035508,0.873846,0.036674
1060.0,0.862309,0.035684,0.866623,0.034875,0.869964,0.035193,0.874268,0.036398
1062.0,0.863001,0.035328,0.867253,0.034543,0.870519,0.034883,0.874685,0.036125
1064.0,0.863685,0.034977,0.867877,0.034215,0.871066,0.034576,0.875098,0.035855
1066.0,0.864360,0.034632,0.868493,0.033892,0.871608,0.034274,0.875506,0.035588
1068.0,0.865028,0.034291,0.869101,0.033573,0.872143,0.033975,0.875909,0.035324
1070.0,0.865687,0.033955,0.869703,0.033259,0.872673,0.033681,0.876308,0.035064
1072.0,0.866339,0.033623,0.870297,0.032948,0.873196,0.033390,0.876703,0.034806
1074.0,0.866983,0.033297,0.870885,0.032642,0.873713,0.033103,0.877093,0.034552
1076.0,0.867620,0.032975,0.871466,0.032341,0.874225,0.032819,0.877479,0.034300
1078.0,0.868249,0.032657,0.872040,0.032043,0.874731,0.032539,0.877861,0.034051
1080.0,0.868871,0.032344,0.872608,0.031749,0.875231,0.032263,0.878238,0.033805
1082.0,0.869485,0.032035,0.873169,0.031459,0.875726,0.031990,0.878611,0.033561
1084.0,0.870092,0.031731,0.873724,0.031173,0.876215,0.031721,0.878981,0.033321
1086.0,0.870693,0.031431,0.874272,0.030891,0.876698,0.031455,0.879346,0.033083
1088.0,0.871286,0.031134,0.874814,0.030613,0.877177,0.031192,0.879707,0.032847
1090.0,0.871873,0.030842,0.875350,0.030338,0.877650,0.030933,0.880065,0.032615
1092.0,0.872453,0.030554,0.875881,0.030067,0.878118,0.030677,0.880418,0.032384
1094.0,0.873026,0.030270,0.876405,0.029800,0.878581,0.030424,0.880768,0.032157
1096.0,0.873593,0.029989,0.876923,0.029536,0.879038,0.030174,0.881114,0.031932
1098.0,0.874154,0.029713,0.877436,0.029275,0.879491,0.029927,0.881457,0.031709
1100.0,0.874708,0.029440,0.877943,0.029018,0.879939,0.029683,0.881795,0.031489
1102.0,0.875256,0.029170,0.878444,0.028764,0.880382,0.029442,0.882130,0.031271
1104.0,0.875798,0.028905,0.878940,0.028513,0.880821,0.029204,0.882462,0.031055
1106.0,0.876334,0.028643,0.879430,0.028266,0.881254,0.028969,0.882790,0.030842
1108.0,0.876864,0.028384,0.879915,0.028022,0.881683,0.028737,0.883115,0.030631
1110.0,0.877388,0.028129,0.880395,0.027780,0.882108,0.028508,0.883436,0.030423
1112.0,0.877907,0.027877,0.880870,0.027542,0.882527,0.028281,0.883753,0.030216
1114.0,0.878419,0.027628,0.881339,0.027307,0.882943,0.028057,0.884068,0.030012
1116.0,0.878927,0.027383,0.881804,0.027075,0.883354,0.027836,0.884379,0.029810
1118.0,0.879428,0.027141,0.882263,0.026846,0.883761,0.027617,0.884687,0.029610
1120.0,0.879924,0.026901,0.882718,0.026620,0.884163,0.027401,0.884991,0.029413
1122.0,0.880415,0.026665,0.883167,0.026396,0.884562,0.027187,0.885293,0.029217
1124.0,0.880901,0.026432,0.883612,0.026175,0.884956,0.026976,0.885591,0.029023
1126.0,0.881381,0.026203,0.884053,0.025957,0.885346,0.026768,0.885886,0.028832
1128.0,0.881857,0.025975,0.884488,0.025742,0.885732,0.026562,0.886178,0.028642
1130.0,0.882327,0.025751,0.884919,0.025530,0.886114,0.026358,0.886468,0.028454
1132.0,0.882792,0.025530,0.885346,0.025319,0.886492,0.026157,0.886754,0.028268
1134.0,0.883253,0.025311,0.885768,0.025112,0.886866,0.025958,0.887037,0.028085
1136.0,0.883709,0.025096,0.886186,0.024907,0.887236,0.025761,0.887317,0.027903
1138.0,0.884159,0.024883,0.886599,0.024705,0.887603,0.025566,0.887595,0.027723
1140.0,0.884606,0.024672,0.887008,0.024505,0.887966,0.025374,0.887869,0.027544
1142.0,0.885047,0.024464,0.887413,0.024307,0.888325,0.025184,0.888141,0.027368
1144.0,0.885484,0.024259,0.887814,0.024112,0.888681,0.024996,0.888410,0.027193
1146.0,0.885917,0.024057,0.888210,0.023919,0.889032,0.024810,0.888676,0.027020
1148.0,0.886345,0.023856,0.888603,0.023728,0.889381,0.024627,0.888939,0.026849
1150.0,0.886768,0.023659,0.888992,0.023540,0.889726,0.024445,0.889200,0.026680
1152.0,0.887188,0.023463,0.889376,0.023354,0.890067,0.024265,0.889458,0.026512
1154.0,0.887603,0.023270,0.889757,0.023170,0.890405,0.024088,0.889714,0.026346
1156.0,0.888014,0.023080,0.890134,0.022988,0.890740,0.023912,0.889967,0.026181
1158.0,0.888420,0.022891,0.890508,0.022808,0.891071,0.023738,0.890217,0.026019
1160.0,0.888823,0.022705,0.890877,0.022631,0.891399,0.023567,0.890465,0.025857
1162.0,0.889222,0.022522,0.891243,0.022455,0.891724,0.023397,0.890710,0.025698
1164.0,0.889616,0.022340,0.891605,0.022282,0.892045,0.023229,0.890953,0.025540
1166.0,0.890007,0.022161,0.891964,0.022111,0.892364,0.023063,0.891193,0.025383
1168.0,0.890394,0.021983,0.892319,0.021941,0.892679,0.022898,0.891431,0.025228
1170.0,0.890777,0.021808,0.892671,0.021774,0.892991,0.022736,0.891667,0.025075
1172.0,0.891157,0.021635,0.893019,0.021608,0.893300,0.022575,0.891900,0.024923
1174.0,0.891532,0.021464,0.893364,0.021444,0.893607,0.022416,0.892131,0.024772
1176.0,0.891904,0.021295,0.893705,0.021283,0.893910,0.022258,0.892359,0.024623
1178.0,0.892272,0.021128,0.894043,0.021123,0.894210,0.022103,0.892586,0.024476
1180.0,0.892637,0.020963,0.894378,0.020964,0.894507,0.021949,0.892810,0.024330
1182.0,0.892999,0.020800,0.894710,0.020808,0.894802,0.021796,0.893031,0.024185
1184.0,0.893356,0.020638,0.895038,0.020653,0.895093,0.021646,0.893251,0.024041
1186.0,0.893711,0.020479,0.895363,0.020500,0.895382,0.021496,0.893468,0.023899
1188.0,0.894062,0.020321,0.895685,0.020349,0.895668,0.021349,0.893683,0.023758
1190.0,0.894409,0.020165,0.896005,0.020200,0.895952,0.021203,0.893896,0.023619
1192.0,0.894754,0.020011,0.896321,0.020052,0.896232,0.021058,0.894107,0.023481
1194.0,0.895095,0.019859,0.896634,0.019905,0.896510,0.020915,0.894316,0.023344
1196.0,0.895433,0.019708,0.896944,0.019761,0.896786,0.020774,0.894523,0.023209
1198.0,0.895767,0.019560,0.897251,0.019618,0.897058,0.020634,0.894727,0.023074
1200.0,0.896099,0.019412,0.897555,0.019476,0.897328,0.020495,0.894930,0.022941
1202.0,0.896427,0.019267,0.897857,0.019336,0.897596,0.020358,0.895131,0.022809
1204.0,0.896753,0.019123,0.898156,0.019198,0.897861,0.020222,0.895329,0.022679
1206.0,0.897075,0.018981,0.898451,0.019061,0.898124,0.020088,0.895526,0.022549
1208.0,0.897395,0.018840,0.898745,0.018925,0.898384,0.019955,0.895721,0.022421
1210.0,0.897711,0.018701,0.899035,0.018791,0.898641,0.019823,0.895913,0.022294
1212.0,0.898025,0.018563,0.899323,0.018659,0.898897,0.019693,0.896104,0.022168
1214.0,0.898336,0.018427,0.899608,0.018527,0.899150,0.019564,0.896293,0.022044
1216.0,0.898643,0.018292,0.899890,0.018398,0.899400,0.019437,0.896480,0.021920
1218.0,0.898949,0.018159,0.900170,0.018269,0.899648,0.019310,0.896665,0.021798
1220.0,0.899251,0.018027,0.900448,0.018142,0.899894,0.019185,0.896849,0.021676
1222.0,0.899551,0.017897,0.900723,0.018016,0.900138,0.019061,0.897030,0.021556
1224.0,0.899848,0.017768,0.900995,0.017892,0.900379,0.018939,0.897210,0.021437
1226.0,0.900142,0.017641,0.901265,0.017769,0.900619,0.018817,0.897388,0.021318
1228.0,0.900434,0.017515,0.901532,0.017647,0.900856,0.018697,0.897564,0.021201
1230.0,0.900723,0.017390,0.901797,0.017527,0.901091,0.018578,0.897738,0.021085
1232.0,0.901009,0.017267,0.902060,0.017407,0.901323,0.018460,0.897911,0.020970
1234.0,0.901293,0.017145,0.902321,0.017289,0.901554,0.018343,0.898082,0.020856
1236.0,0.901575,0.017024,0.902579,0.017172,0.901782,0.018228,0.898251,0.020743
1238.0,0.901854,0.016904,0.902834,0.017057,0.902009,0.018114,0.898419,0.020631
1240.0,0.902130,0.016786,0.903088,0.016942,0.902233,0.018000,0.898584,0.020520
1242.0,0.902404,0.016669,0.903339,0.016829,0.902455,0.017888,0.898749,0.020410
1244.0,0.902676,0.016553,0.903588,0.016717,0.902675,0.017777,0.898911,0.020301
1246.0,0.902946,0.016439,0.903835,0.016606,0.902894,0.017667,0.899072,0.020193
1248.0,0.903213,0.016325,0.904080,0.016496,0.903110,0.017558,0.899232,0.020086
1250.0,0.903478,0.016213,0.904322,0.016387,0.903324,0.017450,0.899389,0.019979
1252.0,0.903740,0.016102,0.904562,0.016280,0.903537,0.017343,0.899545,0.019874
1254.0,0.904000,0.015992,0.904801,0.016173,0.903747,0.017237,0.899700,0.019770
1256.0,0.904259,0.015883,0.905037,0.016068,0.903956,0.017132,0.899853,0.019666
1258.0,0.904514,0.015776,0.905271,0.015963,0.904163,0.017029,0.900005,0.019563
1260.0,0.904768,0.015669,0.905503,0.015860,0.904368,0.016926,0.900155,0.019461
1262.0,0.905020,0.015564,0.905734,0.015757,0.904571,0.016824,0.900303,0.019360
1264.0,0.905269,0.015459,0.905962,0.015656,0.904772,0.016723,0.900450,0.019260
1266.0,0.905517,0.015356,0.906188,0.015555,0.904971,0.016623,0.900596,0.019161
1268.0,0.905762,0.015254,0.906412,0.015456,0.905169,0.016524,0.900740,0.019063
1270.0,0.906005,0.015152,0.906635,0.015358,0.905365,0.016425,0.900882,0.018965
1272.0,0.906246,0.015052,0.906855,0.015260,0.905559,0.016328,0.901023,0.018868
1274.0,0.906486,0.014953,0.907074,0.015164,0.905752,0.016232,0.901163,0.018772
1276.0,0.906723,0.014855,0.907291,0.015068,0.905943,0.016136,0.901301,0.018677
1278.0,0.906958,0.014757,0.907506,0.014973,0.906132,0.016042,0.901438,0.018583
1280.0,0.907192,0.014661,0.907719,0.014880,0.906319,0.015948,0.901573,0.018489
1282.0,0.907423,0.014566,0.907930,0.014787,0.906505,0.015855,0.901707,0.018396
1284.0,0.907653,0.014471,0.908140,0.014695,0.906689,0.015763,0.901840,0.018304
1286.0,0.907880,0.014378,0.908347,0.014604,0.906872,0.015672,0.901971,0.018213
1288.0,0.908106,0.014285,0.908553,0.014513,0.907052,0.015582,0.902101,0.018122
1290.0,0.908330,0.014194,0.908758,0.014424,0.907232,0.015492,0.902230,0.018032
1292.0,0.908553,0.014103,0.908960,0.014336,0.907409,0.015403,0.902357,0.017943
1294.0,0.908773,0.014013,0.909161,0.014248,0.907586,0.015316,0.902483,0.017855
1296.0,0.908992,0.013924,0.909361,0.014161,0.907760,0.015228,0.902608,0.017767
1298.0,0.909209,0.013836,0.909558,0.014075,0.907933,0.015142,0.902731,0.017680
1300.0,0.909424,0.013749,0.909754,0.013990,0.908105,0.015056,0.902853,0.017594
1302.0,0.909638,0.013662,0.909949,0.013905,0.908275,0.014972,0.902974,0.017508
1304.0,0.909849,0.013576,0.910142,0.013822,0.908444,0.014888,0.903093,0.017424
1306.0,0.910060,0.013492,0.910333,0.013739,0.908611,0.014804,0.903212,0.017339
1308.0,0.910268,0.013408,0.910523,0.013657,0.908776,0.014722,0.903329,0.017256
1310.0,0.910475,0.013324,0.910711,0.013575,0.908941,0.014640,0.903444,0.017173
1312.0,0.910680,0.013242,0.910897,0.013495,0.909103,0.014559,0.903559,0.017091
1314.0,0.910884,0.013160,0.911083,0.013415,0.909265,0.014478,0.903672,0.017009
1316.0,0.911086,0.013079,0.911266,0.013336,0.909425,0.014398,0.903784,0.016928
1318.0,0.911287,0.012999,0.911448,0.013257,0.909583,0.014319,0.903895,0.016848
1320.0,0.911485,0.012920,0.911629,0.013179,0.909741,0.014241,0.904005,0.016768
1322.0,0.911683,0.012841,0.911808,0.013102,0.909896,0.014163,0.904113,0.016689
1324.0,0.911879,0.012763,0.911986,0.013026,0.910051,0.014086,0.904221,0.016611
1326.0,0.912073,0.012686,0.912162,0.012950,0.910204,0.014010,0.904327,0.016533
1328.0,0.912266,0.012610,0.912337,0.012875,0.910356,0.013934,0.904432,0.016456
1330.0,0.912458,0.012534,0.912511,0.012801,0.910506,0.013859,0.904535,0.016379
1332.0,0.912648,0.012459,0.912683,0.012728,0.910655,0.013785,0.904638,0.016303
1334.0,0.912836,0.012384,0.912854,0.012655,0.910803,0.013711,0.904740,0.016228
1336.0,0.913023,0.012311,0.913023,0.012582,0.910950,0.013638,0.904840,0.016153
1338.0,0.913209,0.012238,0.913191,0.012511,0.911095,0.013565,0.904939,0.016079
1340.0,0.913394,0.012165,0.913358,0.012440,0.911239,0.013493,0.905037,0.016005
1342.0,0.913577,0.012093,0.913523,0.012369,0.911382,0.013422,0.905135,0.015932
1344.0,0.913758,0.012022,0.913687,0.012299,0.911524,0.013351,0.905230,0.015860
1346.0,0.913939,0.011952,0.913850,0.012230,0.911664,0.013281,0.905325,0.015788
1348.0,0.914117,0.011882,0.914012,0.012162,0.911803,0.013212,0.905419,0.015716
1350.0,0.914295,0.011813,0.914172,0.012094,0.911941,0.013143,0.905512,0.015645
1352.0,0.914471,0.011744,0.914331,0.012026,0.912078,0.013074,0.905603,0.015575
1354.0,0.914646,0.011676,0.914489,0.011959,0.912213,0.013006,0.905694,0.015505
1356.0,0.914820,0.011609,0.914645,0.011893,0.912348,0.012939,0.905783,0.015436
1358.0,0.914993,0.011542,0.914800,0.011828,0.912481,0.012872,0.905872,0.015367
1360.0,0.915164,0.011476,0.914955,0.011762,0.912613,0.012806,0.905959,0.015299
1362.0,0.915334,0.011410,0.915107,0.011698,0.912744,0.012741,0.906045,0.015231
1364.0,0.915502,0.011345,0.915259,0.011634,0.912873,0.012676,0.906131,0.015163
1366.0,0.915670,0.011281,0.915410,0.011570,0.913002,0.012611,0.906215,0.015097
1368.0,0.915836,0.011217,0.915559,0.011508,0.913129,0.012547,0.906298,0.015030
1370.0,0.916001,0.011154,0.915707,0.011445,0.913256,0.012484,0.906381,0.014965
1372.0,0.916165,0.011091,0.915854,0.011383,0.913381,0.012421,0.906462,0.014899
1374.0,0.916328,0.011029,0.916000,0.011322,0.913505,0.012358,0.906542,0.014834
1376.0,0.916490,0.010967,0.916145,0.011261,0.913628,0.012296,0.906621,0.014770
1378.0,0.916650,0.010906,0.916289,0.011201,0.913750,0.012235,0.906699,0.014706
1380.0,0.916809,0.010845,0.916431,0.011141,0.913871,0.012174,0.906777,0.014643
1382.0,0.916968,0.010785,0.916573,0.011082,0.913991,0.012113,0.906853,0.014580
1384.0,0.917125,0.010726,0.916713,0.011023,0.914110,0.012053,0.906928,0.014517
1386.0,0.917281,0.010666,0.916853,0.010965,0.914228,0.011993,0.907003,0.014455
1388.0,0.917435,0.010608,0.916991,0.010907,0.914344,0.011934,0.907076,0.014393
1390.0,0.917589,0.010550,0.917128,0.010849,0.914460,0.011876,0.907148,0.014332
1392.0,0.917742,0.010492,0.917264,0.010793,0.914575,0.011818,0.907220,0.014272
1394.0,0.917894,0.010435,0.917400,0.010736,0.914688,0.011760,0.907290,0.014211
1396.0,0.918044,0.010378,0.917534,0.010680,0.914801,0.011703,0.907360,0.014151
1398.0,0.918194,0.010322,0.917667,0.010625,0.914913,0.011646,0.907428,0.014092
1400.0,0.918342,0.010266,0.917799,0.010570,0.915023,0.011590,0.907496,0.014033
